id,title,comment_count,view_count,user_name,user_id,url,content,time
52921632,这对网红料挺猛啊,666 , 2224121,哇塞集合地,199813114625362,https://bbs.hupu.com/52921632.html,这对网红料挺猛啊,2022-04-07 11:36:54
52915611,求很美的大腿图出处,903 , 2542167,我不想成为废物,164069774366418,https://bbs.hupu.com/52915611.html,求很美的大腿图出处,2022-04-07 01:55:57
52917796,女朋友电脑给兄弟们乐呵乐呵,509 , 1334889,无敌浪逼库里,113949531734146,https://bbs.hupu.com/52917796.html,女朋友电脑给兄弟们乐呵乐呵,2022-04-07 08:41:29
52922781,各位JRS，《了不起！舞社》这嘉宾阵容水准怎么样？,115 , 1131913,271462025,10999957309491,https://bbs.hupu.com/52922781.html,各位JRS，《了不起！舞社》这嘉宾阵容水准怎么样？,2022-04-07 12:44:58
52917077,没想到川岛芳子居然多活了30年,271 , 1322983,3节62,21088794694576,https://bbs.hupu.com/52917077.html,没想到川岛芳子居然多活了30年,2022-04-07 07:46:40
52919176,papi酱谈男性不是天然的父亲，这件事大家怎么看,653 , 1080272,76小前勒布朗,22280483606009,https://bbs.hupu.com/52919176.html,papi酱谈男性不是天然的父亲，这件事大家怎么看,2022-04-07 09:50:08
52919754,有人问罗翔为什么强奸不能一律判死刑,721 , 1059681,阿珍啊我是田鸡啊,279594780270081,https://bbs.hupu.com/52919754.html,有人问罗翔为什么强奸不能一律判死刑,2022-04-07 10:14:22
52921163,向朋友讨债，结果没几句话，就把我拉黑了,519 , 971416,11122222a,190635010625044,https://bbs.hupu.com/52921163.html,向朋友讨债，结果没几句话，就把我拉黑了,2022-04-07 11:17:30
52912306,今年计算机基本算是完蛋了,404 , 1201541,白衣卿相同才子佳人,111179171609597,https://bbs.hupu.com/52912306.html,今年计算机基本算是完蛋了,2022-04-06 21:08:17
52918453,王思聪名场面,456 , 923247,我亲妹妹被打,92795725049547,https://bbs.hupu.com/52918453.html,王思聪名场面,2022-04-07 09:15:10
52918756,刘强东卸任京东CEO，徐雷接替,307 , 879599,冰帝迹部少爷,37728397520686,https://bbs.hupu.com/52918756.html,刘强东卸任京东CEO，徐雷接替,2022-04-07 09:29:25
52915477,南通也开始封闭式管理了…,330 , 965687,巴拉克和科比,84760740117202,https://bbs.hupu.com/52915477.html,南通也开始封闭式管理了…,2022-04-07 01:19:56
52912656,哈萨克斯坦：不承认乌东两地区独立 尊重乌克兰主权和领土完整,414 , 891649,魂葬曲,278025233604111,https://bbs.hupu.com/52912656.html,哈萨克斯坦：不承认乌东两地区独立 尊重乌克兰主权和领土完整,2022-04-06 21:32:22
52907932,韩国的确是个神奇的国度，到底是为了带口罩，还是为了不带口罩呢？ ,362 , 1397146,我要你管我做什么呢,216768907154071,https://bbs.hupu.com/52907932.html,韩国的确是个神奇的国度，到底是为了带口罩，还是为了不带口罩呢？,2022-04-06 16:18:12
52926110,日本漫画家藤子不二雄A在自己家中去世 享年88岁,271 , 823415,ZiyLam,59586643535304,https://bbs.hupu.com/52926110.html,日本漫画家藤子不二雄A在自己家中去世 享年88岁,2022-04-07 16:25:56
52923364,大家认为秦朝短短14年就灭亡，最根本的原因是什么?,383 , 841106,虎扑JR049616317,4662871034761,https://bbs.hupu.com/52923364.html,大家认为秦朝短短14年就灭亡，最根本的原因是什么?,2022-04-07 13:23:13
52925028,新人入职，碰到了公司团建,315 , 806279,我想再睡一会8,43319026534276,https://bbs.hupu.com/52925028.html,新人入职，碰到了公司团建,2022-04-07 15:20:26
52918185,刘强东卸任京东集团CEO，总裁徐雷接任,146 , 786284,西方地平线001,114961877100520,https://bbs.hupu.com/52918185.html,刘强东卸任京东集团CEO，总裁徐雷接任,2022-04-07 09:00:26
52913225,俄罗斯：芬兰若加入北约将成俄反制措施目标,497 , 740452,辣舞劈死,197747269089336,https://bbs.hupu.com/52913225.html,俄罗斯：芬兰若加入北约将成俄反制措施目标,2022-04-06 22:02:31
52892912,你身边有赌博的人吗？最后都是什么下场,965 , 1570762,pygfvnjdsfj,164816076409666,https://bbs.hupu.com/52892912.html,你身边有赌博的人吗？最后都是什么下场,2022-04-05 21:52:22
52892941,这些跳舞的小孩以后都会成夫妻嘛？,1104 , 2890458,落寞但不寂寞,102134941223779,https://bbs.hupu.com/52892941.html,这些跳舞的小孩以后都会成夫妻嘛？,2022-04-05 21:53:35
52919042,非洲兄弟教你如何室外健身~,229 , 713214,JoJo基地,161537173873601,https://bbs.hupu.com/52919042.html,非洲兄弟教你如何室外健身~,2022-04-07 09:43:41
52920384,老师给孩子剪了撮头发，家长要求赔偿两万，因为“家有习俗不让剪头！”,367 , 707390,75度酒精,143479934603267,https://bbs.hupu.com/52920384.html,老师给孩子剪了撮头发，家长要求赔偿两万，因为“家有习俗不让剪头！”,2022-04-07 10:42:11
52918884,武契奇与普京通话：将在维护与俄友好关系同时，争取加入欧盟,279 , 701595,窗外在打铁,65307867208763,https://bbs.hupu.com/52918884.html,武契奇与普京通话：将在维护与俄友好关系同时，争取加入欧盟,2022-04-07 09:37:20
52920691,三个月就能赚45万的生意,203 , 691136,卢松松,194005075327354,https://bbs.hupu.com/52920691.html,三个月就能赚45万的生意,2022-04-07 10:55:35
52912426,女朋友月经推迟半个月了，然后给我发了这个,426 , 1253161,四届FMVP得主詹姆斯,188616636834691,https://bbs.hupu.com/52912426.html,女朋友月经推迟半个月了，然后给我发了这个,2022-04-06 21:15:03
52926524,很多互联网公司，允许内部员工谈恋爱了,150 , 688355,宏民,161973551644765,https://bbs.hupu.com/52926524.html,很多互联网公司，允许内部员工谈恋爱了,2022-04-07 16:51:50
52899846,墓碑中的“爱马仕”，外国人都抢着买“山西黑”,180 , 714408,巴拉巴拉香,17719645420033,https://bbs.hupu.com/52899846.html,墓碑中的“爱马仕”，外国人都抢着买“山西黑”,2022-04-06 10:39:49
52924401,坐标上海对面楼跳舞的女孩什么水平,197 , 633352,化学仪器基地,196017919695626,https://bbs.hupu.com/52924401.html,坐标上海对面楼跳舞的女孩什么水平,2022-04-07 14:37:28
52909066,相亲对象早上7点疯狂轰炸我......,194 , 1226903,alonso1988,254868721125823,https://bbs.hupu.com/52909066.html,相亲对象早上7点疯狂轰炸我......,2022-04-06 17:27:06
52910834,有的人天生就是主角,180 , 905128,马大哈哈哈哈哈哈哈哈,32807549977028,https://bbs.hupu.com/52910834.html,有的人天生就是主角,2022-04-06 19:27:26
52922469,当一家公司开始严抓纪律了，说明什么？,274 , 614528,好声音冠军伍珂玥唯一认证男友,99072139252728,https://bbs.hupu.com/52922469.html,当一家公司开始严抓纪律了，说明什么？,2022-04-07 12:23:46
52927705,别怪年轻人喜欢玩剧本杀，参与门槛、趣味性真的秒杀KTV！ ,332 , 629385,血液流尽,159848466169817,https://bbs.hupu.com/52927705.html,别怪年轻人喜欢玩剧本杀，参与门槛、趣味性真的秒杀KTV！,2022-04-07 17:57:23
52893234,大多数人的人生,305 , 1568280,万丈光茫小太阳,46090517085342,https://bbs.hupu.com/52893234.html,大多数人的人生,2022-04-05 22:12:43
52918277,从头到尾看完了，还挺有意思的！,114 , 588718,冰帝迹部少爷,37728397520686,https://bbs.hupu.com/52918277.html,从头到尾看完了，还挺有意思的！,2022-04-07 09:05:03
52914964,郑州爱马仕店开业当天销售额1.2亿，最高单人消费2596万。原来是真的,351 , 873581,华东区本杰明九袋潇洒哥,248584807619108,https://bbs.hupu.com/52914964.html,郑州爱马仕店开业当天销售额1.2亿，最高单人消费2596万。原来是真的,2022-04-07 00:06:13
52918572,小朋友的玩具千万不要乱捡，因为血压容易控制不住！,82 , 580287,75度酒精,143479934603267,https://bbs.hupu.com/52918572.html,小朋友的玩具千万不要乱捡，因为血压容易控制不住！,2022-04-07 09:21:39
52912388,一个精致独居女孩要注意的事项,240 , 645495,下一个90天后见,127898963427349,https://bbs.hupu.com/52912388.html,一个精致独居女孩要注意的事项,2022-04-06 21:12:30
52916636,你喜欢的舞蹈生,61 , 619748,化学仪器基地,196017919695626,https://bbs.hupu.com/52916636.html,你喜欢的舞蹈生,2022-04-07 06:09:04
52908377,各位秘书长，能不能帮我看看我们领导写的是啥,183 , 1070978,MrYaoJ_ly,173762870412452,https://bbs.hupu.com/52908377.html,各位秘书长，能不能帮我看看我们领导写的是啥,2022-04-06 16:45:09
52924335,得物（毒）一家独大，店大欺客,186 , 558375,我是男人的科比,189519468454232,https://bbs.hupu.com/52924335.html,得物（毒）一家独大，店大欺客,2022-04-07 14:32:39
52918946,美国一2岁男童开枪误杀4岁姐姐,193 , 546318,月钱没结,188289478591279,https://bbs.hupu.com/52918946.html,美国一2岁男童开枪误杀4岁姐姐,2022-04-07 09:39:37
52900713,为什么体育生容易给说成渣男,414 , 687288,科比5个总冠军,83199568034252,https://bbs.hupu.com/52900713.html,为什么体育生容易给说成渣男,2022-04-06 11:14:24
52889275,大专该怎么提升自己？,384 , 734906,湖人库兹马灰熊莫兰特,167968745036990,https://bbs.hupu.com/52889275.html,大专该怎么提升自己？,2022-04-05 16:51:49
52916681,女生真的扛不动水桶还是装的,132 , 548928,化学仪器基地,196017919695626,https://bbs.hupu.com/52916681.html,女生真的扛不动水桶还是装的,2022-04-07 06:22:57
52927412,空姐的毕业照什么水平,147 , 521032,哇塞集合地,199813114625362,https://bbs.hupu.com/52927412.html,空姐的毕业照什么水平,2022-04-07 17:39:06
52916915,为什么大部分人觉得考本科很容易？,437 , 515665,苏嘉文玩,235424228370774,https://bbs.hupu.com/52916915.html,为什么大部分人觉得考本科很容易？,2022-04-07 07:22:13
52907815,方舱内考研复试小伙被武大拟录取,108 , 1014095,猛男累了,263713285164753,https://bbs.hupu.com/52907815.html,方舱内考研复试小伙被武大拟录取,2022-04-06 16:12:24
52922549,除去北上广深，普通人想做到月薪1万是不是比较难？,182 , 502971,JaylenBrown_7,103010896111367,https://bbs.hupu.com/52922549.html,除去北上广深，普通人想做到月薪1万是不是比较难？,2022-04-07 12:28:49
52910529,原来小区里排队做核酸，有这么多窍门。,103 , 582671,宏民,161973551644765,https://bbs.hupu.com/52910529.html,原来小区里排队做核酸，有这么多窍门。,2022-04-06 19:02:32
52927210,娱乐圈最符合仙风道骨的演员是？,221 , 537420,静世,39064198556515,https://bbs.hupu.com/52927210.html,娱乐圈最符合仙风道骨的演员是？,2022-04-07 17:28:18
52914482,忍了领导六年双标，现在辞职走人了还给我摆一道儿,93 , 741711,C罗与科比,50015593400692,https://bbs.hupu.com/52914482.html,忍了领导六年双标，现在辞职走人了还给我摆一道儿,2022-04-06 23:26:17
52919618,哈哈，老外对象形文字的理解很透彻,95 , 483670,诀窍一点通,31896826939246,https://bbs.hupu.com/52919618.html,哈哈，老外对象形文字的理解很透彻,2022-04-07 10:10:11
52931195,【哈利波特迷】巫师集合！发帖说说哈利波特中你最难忘的一幕！,147 , 463171,阿福111111,87586202014825,https://bbs.hupu.com/52931195.html,【哈利波特迷】巫师集合！发帖说说哈利波特中你最难忘的一幕！,2022-04-07 21:07:55
52932134,别人惯着你，我老婆可不会,140 , 506572,巴拉巴拉香,17719645420033,https://bbs.hupu.com/52932134.html,别人惯着你，我老婆可不会,2022-04-07 21:51:32
52918293,为什么很多人不愿意谈恋爱了？,73 , 454655,猛男累了,263713285164753,https://bbs.hupu.com/52918293.html,为什么很多人不愿意谈恋爱了？,2022-04-07 09:05:36
52905768,这回答好像对，又好像哪里不对,193 , 603946,杜卡迪街霸,89327361110386,https://bbs.hupu.com/52905768.html,这回答好像对，又好像哪里不对,2022-04-06 14:18:13
52916735,澳洲留学女孩一天花1万在街上什么水平,155 , 452189,化学仪器基地,196017919695626,https://bbs.hupu.com/52916735.html,澳洲留学女孩一天花1万在街上什么水平,2022-04-07 06:41:41
52892164,老师这波什么水平？,194 , 753778,冰帝迹部少爷,37728397520686,https://bbs.hupu.com/52892164.html,老师这波什么水平？,2022-04-05 21:03:52
52931082,不服不行，这个真的强到爆炸！,262 , 561997,冰帝迹部少爷,37728397520686,https://bbs.hupu.com/52931082.html,不服不行，这个真的强到爆炸！,2022-04-07 21:02:24
52908526,泽连斯基：战后的乌克兰将会类似以色列，而不是瑞士,477 , 442283,魂葬曲,278025233604111,https://bbs.hupu.com/52908526.html,泽连斯基：战后的乌克兰将会类似以色列，而不是瑞士,2022-04-06 16:54:18
52921489,交大了！脸上出油多必看：最全面的控油指南！,122 , 418528,男士护肤指导,230782137189564,https://bbs.hupu.com/52921489.html,交大了！脸上出油多必看：最全面的控油指南！,2022-04-07 11:30:21
52923512,女子无证醉驾撞飞骑车阿姨，电动车瞬间散架零件洒落一地,133 , 428497,巴拉巴拉香,17719645420033,https://bbs.hupu.com/52923512.html,女子无证醉驾撞飞骑车阿姨，电动车瞬间散架零件洒落一地,2022-04-07 13:34:40
52909545,货车司机滞留上海崇明岛，钓鱼抓蟹摸螺蛳自给自足,148 , 840858,巴拉巴拉香,17719645420033,https://bbs.hupu.com/52909545.html,货车司机滞留上海崇明岛，钓鱼抓蟹摸螺蛳自给自足,2022-04-06 17:57:14
52920023,花季少女天天躲进被子里沉默不语，邻居：家里贫困，她在学校受了委屈,200 , 412888,巴拉巴拉香,17719645420033,https://bbs.hupu.com/52920023.html,花季少女天天躲进被子里沉默不语，邻居：家里贫困，她在学校受了委屈,2022-04-07 10:26:01
52920359,为什么很多人看不起班尼路、美邦、森马这些品牌,178 , 418020,火辣潮女,58465600485301,https://bbs.hupu.com/52920359.html,为什么很多人看不起班尼路、美邦、森马这些品牌,2022-04-07 10:41:02
52905283,大一女生研发菌剂让被污染土壤增产20%,115 , 444944,巴拉巴拉香,17719645420033,https://bbs.hupu.com/52905283.html,大一女生研发菌剂让被污染土壤增产20%,2022-04-06 13:54:33
52929454,一次2700的私教训练在你的城市什么水平,128 , 451338,化学仪器基地,196017919695626,https://bbs.hupu.com/52929454.html,一次2700的私教训练在你的城市什么水平,2022-04-07 19:43:29
52895963,相当于日本自来水直饮，鸡蛋直接吃呗,140 , 443209,龍地伏南东,98029119099979,https://bbs.hupu.com/52895963.html,相当于日本自来水直饮，鸡蛋直接吃呗,2022-04-06 07:05:33
52896360,早上7点半在白石龙的两个哥们儿你们能看到这个帖子吗,87 , 848215,别问我真不知道,184313909300513,https://bbs.hupu.com/52896360.html,早上7点半在白石龙的两个哥们儿你们能看到这个帖子吗,2022-04-06 07:57:33
52912860,"兄弟们，这军旅剧一开头“新兵蛋子”就被罚跑？
",105 , 490933,我突然觉得会有晴天,238898021589333,https://bbs.hupu.com/52912860.html,兄弟们，这军旅剧一开头“新兵蛋子”就被罚跑？,2022-04-06 21:44:51
52893496,22年了，为什么现在银行还这么多人办业务,199 , 817485,健健康康快快乐乐qqq,262465613825509,https://bbs.hupu.com/52893496.html,22年了，为什么现在银行还这么多人办业务,2022-04-05 22:31:29
52907010,日本越南人为什么普遍偏矮？,286 , 683965,奥尔斯戈麦斯,82065567601215,https://bbs.hupu.com/52907010.html,日本越南人为什么普遍偏矮？,2022-04-06 15:26:47
52906904,说真的  木村50了还是很帅啊,173 , 881738,武大郎该吃药了,3839811541355,https://bbs.hupu.com/52906904.html,说真的  木村50了还是很帅啊,2022-04-06 15:21:48
52921149,长得不算漂亮，但很有气质是什么体验？,85 , 449312,deeryan,52889699436532,https://bbs.hupu.com/52921149.html,长得不算漂亮，但很有气质是什么体验？,2022-04-07 11:16:55
52909432,女孩滑翔伞坠亡系飞行员未检查设备飞行员涉嫌构成犯罪 ,49 , 397714,克塞基地,268481056205317,https://bbs.hupu.com/52909432.html,女孩滑翔伞坠亡系飞行员未检查设备飞行员涉嫌构成犯罪,2022-04-06 17:50:06
52912539,今天总算遇到个“老油条”骑手了,97 , 486320,三分线风车扣篮,273947296942447,https://bbs.hupu.com/52912539.html,今天总算遇到个“老油条”骑手了,2022-04-06 21:21:51
52905681,天鹅怎么这么有攻击性…,131 , 945380,你们的爱豆瑟瑟发抖,236505258441973,https://bbs.hupu.com/52905681.html,天鹅怎么这么有攻击性…,2022-04-06 14:13:52
52913993,黑哥们这辈子没那么害怕过,71 , 375040,索隆和詹姆斯看周杰伦演唱会,171572512378743,https://bbs.hupu.com/52913993.html,,
52920464,你觉得这照片能说明什么吗？还是说并不能代表些什么？,108 , 379612,戴眼镜人士,170722399872363,https://bbs.hupu.com/52920464.html,你觉得这照片能说明什么吗？还是说并不能代表些什么？,2022-04-07 10:46:02
52905263,京东创始人刘强东、京东时尚品牌拓展顾问章泽天和友人合影。,59 , 529538,宏民,161973551644765,https://bbs.hupu.com/52905263.html,京东创始人刘强东、京东时尚品牌拓展顾问章泽天和友人合影。,2022-04-06 13:53:40
52907060,保时捷恶意逼停载有孕妇车辆，并叫嚣我比你混的好,215 , 663945,爱岗敬业的小编辑,83364046069363,https://bbs.hupu.com/52907060.html,保时捷恶意逼停载有孕妇车辆，并叫嚣我比你混的好,2022-04-06 15:29:21
52927610,同济大学副校长被老教授店名,82 , 419262,采棉花的提莫,168119426215179,https://bbs.hupu.com/52927610.html,同济大学副校长被老教授店名,2022-04-07 17:51:04
52884676,实话实说，你们初中发生过学校霸凌事件吗？你在初中被校园霸凌过吗？,652 , 1088864,大猫咪1999,1010700829445,https://bbs.hupu.com/52884676.html,实话实说，你们初中发生过学校霸凌事件吗？你在初中被校园霸凌过吗？,2022-04-05 10:10:23
52930520,【阿扑夜话024】如果你实现财富自由了，你会每天做什么？,260 , 354416,阿扑侃大山,152652030612523,https://bbs.hupu.com/52930520.html,【阿扑夜话024】如果你实现财富自由了，你会每天做什么？,2022-04-07 20:35:20
52914149,梦想实现！58岁油漆工收到中国美院录取通知书,94 , 590737,巴拉巴拉香,17719645420033,https://bbs.hupu.com/52914149.html,梦想实现！58岁油漆工收到中国美院录取通知书,2022-04-06 23:01:01
52899816,这踏马是开车。还是谋杀呢？,551 , 1369027,电竞瑶神,165257843982691,https://bbs.hupu.com/52899816.html,这踏马是开车。还是谋杀呢？,2022-04-06 10:38:45
52906403,38岁“巨婴”啃老，自称看透人生，吃喝享乐百八十年,141 , 663245,巴拉巴拉香,17719645420033,https://bbs.hupu.com/52906403.html,38岁“巨婴”啃老，自称看透人生，吃喝享乐百八十年,2022-04-06 14:55:17
52928556,32岁张含韵和25岁张雪迎央视同台，谁比较漂亮,92 , 346139,穷哈基地,25330129947022,https://bbs.hupu.com/52928556.html,32岁张含韵和25岁张雪迎央视同台，谁比较漂亮,2022-04-07 18:51:58
52930467,真实女同事跳舞。,77 , 357324,ladykisser,201442495273633,https://bbs.hupu.com/52930467.html,真实女同事跳舞。,2022-04-07 20:33:00
52933553,史上最短开学典礼,128 , 454457,克塞基地,268481056205317,https://bbs.hupu.com/52933553.html,史上最短开学典礼,2022-04-07 23:00:16
52924047,【我的街薪奋斗史】发帖分享你们的街薪奋斗史，赢虎扑周年纪念奖品,26 , 335009,虎扑的步行街,260395651841167,https://bbs.hupu.com/52924047.html,【我的街薪奋斗史】发帖分享你们的街薪奋斗史，赢虎扑周年纪念奖品,2022-04-07 14:12:34
52921034,papi说女性是天然的母亲，你赞同吗？,108 , 338063,虎扑JR0706797533,123026643771260,https://bbs.hupu.com/52921034.html,papi说女性是天然的母亲，你赞同吗？,2022-04-07 11:11:44
52890282, 女子把违停堵路的车贴满卫生巾,77 , 618551,唐哲2018,196753643062511,https://bbs.hupu.com/52890282.html,女子把违停堵路的车贴满卫生巾,2022-04-05 18:29:14
52887468,全村吃饭还剩鱼,662 , 1595557,下一个90天后见,127898963427349,https://bbs.hupu.com/52887468.html,全村吃饭还剩鱼,2022-04-05 13:55:50
52893679,各位jr 帮忙看一下这颜值能行吗,352 , 1416203,虎扑JR1387946949,112083873717563,https://bbs.hupu.com/52893679.html,各位jr 帮忙看一下这颜值能行吗,2022-04-05 22:44:21
52910498,【聚光灯计划】有没有喜欢拼图的jr，秀秀你的拼图成品,143 , 398055,吔吔吔吔,132129915587478,https://bbs.hupu.com/52910498.html,【聚光灯计划】有没有喜欢拼图的jr，秀秀你的拼图成品,2022-04-06 19:00:48
52915445,46岁大叔求婚失败，当街嚎啕大哭,25 , 363149,纳什Steve,206521611773256,https://bbs.hupu.com/52915445.html,46岁大叔求婚失败，当街嚎啕大哭,2022-04-07 01:14:25
52918507,张纪中一家外出赏花！双手扶女儿不顾一头乱发，把娃扛肩头力气大,50 , 325962,涛子天下,174355075961192,https://bbs.hupu.com/52918507.html,张纪中一家外出赏花！双手扶女儿不顾一头乱发，把娃扛肩头力气大,2022-04-07 09:17:57
52914020,有什么是追了很多女生都失败后才知道的？,151 , 599271,虎扑JR0638898684,193260038818034,https://bbs.hupu.com/52914020.html,有什么是追了很多女生都失败后才知道的？,2022-04-06 22:52:58
52922460,小麋鹿是你们的理想型老婆吗？,92 , 325596,lsp组织,207011237908620,https://bbs.hupu.com/52922460.html,小麋鹿是你们的理想型老婆吗？,2022-04-07 12:23:00
52919620,月可支配收入1万已超过99%的人,220 , 317099,我不是画家,168001165666096,https://bbs.hupu.com/52919620.html,月可支配收入1万已超过99%的人,2022-04-07 10:10:14
52889101,刚发现迪卡侬还有这东西？,618 , 1840702,地铁老头,237400374500660,https://bbs.hupu.com/52889101.html,刚发现迪卡侬还有这东西？,2022-04-05 16:35:10
52895190,XDM，俺妈为了39元钱被骗了26万……,507 , 1365696,小龙哥带你看球,58300502985816,https://bbs.hupu.com/52895190.html,XDM，俺妈为了39元钱被骗了26万……,2022-04-06 01:55:49
52923479,想请问一下关于美国国家仪器公司,77 , 317214,伯纳乌永恒real,117044761999869,https://bbs.hupu.com/52923479.html,想请问一下关于美国国家仪器公司,2022-04-07 13:32:16
52908615,高知老人带娃是什么体验？,178 , 732297,虎扑JR0090397903,31648562291500,https://bbs.hupu.com/52908615.html,高知老人带娃是什么体验？,2022-04-06 16:59:19
52933015,为什么斯大林格勒战役是第二次世界大战的转折点,123 , 394396,虎扑JR0455572429,98548972972817,https://bbs.hupu.com/52933015.html,为什么斯大林格勒战役是第二次世界大战的转折点,2022-04-07 22:30:24
52917587,学校表白墙，这波什么水平？,72 , 313454,虎扑JR0210281497,178504389758566,https://bbs.hupu.com/52917587.html,学校表白墙，这波什么水平？,2022-04-07 08:31:09
52893155,越来越多女生穿黑裤袜,113 , 1329408,虎扑JR1465307733,21049216660898,https://bbs.hupu.com/52893155.html,越来越多女生穿黑裤袜,2022-04-05 22:07:42
52887168,xdm 尴尬了 我在火车上 裤裆裂开了,159 , 921693,克利夫兰夏洛特,144197469147694,https://bbs.hupu.com/52887168.html,xdm 尴尬了 我在火车上 裤裆裂开了,2022-04-05 13:31:36
52913585,饮用瓶装水每年或摄入近10万个微塑料,49 , 318601,风险冰机,199081684658062,https://bbs.hupu.com/52913585.html,饮用瓶装水每年或摄入近10万个微塑料,2022-04-06 22:27:19
52895540,港台第一代武侠演员王羽去世，享年80岁,296 , 954511,唐哲2018,196753643062511,https://bbs.hupu.com/52895540.html,港台第一代武侠演员王羽去世，享年80岁,2022-04-06 04:00:50
52919307,5岁女孩被另一小孩用弓箭射中眉心,78 , 311578,走停看春晚,231152359870321,https://bbs.hupu.com/52919307.html,5岁女孩被另一小孩用弓箭射中眉心,2022-04-07 09:57:50
52917053,午夜惊魂！女孩也是胆大,35 , 349304,克塞基地,268481056205317,https://bbs.hupu.com/52917053.html,午夜惊魂！女孩也是胆大,2022-04-07 07:43:37
52927979,那就晒晒养的多肉吧 坐标昆明,57 , 301665,灭人器,279608873666511,https://bbs.hupu.com/52927979.html,那就晒晒养的多肉吧 坐标昆明,2022-04-07 18:15:49
52894366,日本的胶囊旅馆什么水平？200一晚干净又卫生,401 , 1527470,敌人的荣誉,61605889550554,https://bbs.hupu.com/52894366.html,日本的胶囊旅馆什么水平？200一晚干净又卫生,2022-04-05 23:44:49
52929123,如果地球离木星很近，会发生什么后果？,61 , 342826,牛逼人人,14343775357782,https://bbs.hupu.com/52929123.html,如果地球离木星很近，会发生什么后果？,2022-04-07 19:29:52
52905363,领导为酒驾下属顶包双双获刑,47 , 381881,巴拉巴拉香,17719645420033,https://bbs.hupu.com/52905363.html,领导为酒驾下属顶包双双获刑,2022-04-06 13:58:15
52926045,这四种女孩，你会选哪个结婚？,63 , 314592,骑个拉风的昵称,24240001037516,https://bbs.hupu.com/52926045.html,这四种女孩，你会选哪个结婚？,2022-04-07 16:22:23
52893142,发一张你们小时候的照片谁最萌,823 , 1263018,阿瓦达吃大瓜,129062405834447,https://bbs.hupu.com/52893142.html,发一张你们小时候的照片谁最萌,2022-04-05 22:06:17
52926502,清廷灭亡后住在紫禁城时期还有多少权力？,164 , 299376,我真的不懂球,262009027288360,https://bbs.hupu.com/52926502.html,清廷灭亡后住在紫禁城时期还有多少权力？,2022-04-07 16:50:33
52918869,在国企一定不要太表现自己，要不然什么事都是你来做,96 , 300515,青山几度变黄山,167596545958753,https://bbs.hupu.com/52918869.html,在国企一定不要太表现自己，要不然什么事都是你来做,2022-04-07 09:36:38
52899166,你有过这辈子不结婚了的想法吗？,103 , 464666,老娘爱穿九分裤,275021968955583,https://bbs.hupu.com/52899166.html,你有过这辈子不结婚了的想法吗？,2022-04-06 10:14:10
52926222,老婆给买的欧莱雅，有点不敢用,83 , 302895,娶了周慧敏休了孟庭苇包桂纶镁,179565063763048,https://bbs.hupu.com/52926222.html,老婆给买的欧莱雅，有点不敢用,2022-04-07 16:32:09
52900487,这只鹰被蛇咬了，大伙看看还有救吗,178 , 1118715,莫不靜好,237868753132630,https://bbs.hupu.com/52900487.html,这只鹰被蛇咬了，大伙看看还有救吗,2022-04-06 11:04:53
52928456,中了瓶茅台，兄弟们都怎么出啊,64 , 294860,我无尽呢,142198154289281,https://bbs.hupu.com/52928456.html,中了瓶茅台，兄弟们都怎么出啊,2022-04-07 18:45:54
52914851,深夜话题，大伙的宿舍关系怎么样,149 , 550613,魔人哈兰欧,172772315335901,https://bbs.hupu.com/52914851.html,深夜话题，大伙的宿舍关系怎么样,2022-04-06 23:54:55
52924444,家里做烤牛肉盖饭,85 , 298137,GHayward,143789756978405,https://bbs.hupu.com/52924444.html,家里做烤牛肉盖饭,2022-04-07 14:40:36
52898127,2022年的科技博主是不是有点太好当了啊。。。,514 , 1072998,星野琉璃i,165626743143075,https://bbs.hupu.com/52898127.html,2022年的科技博主是不是有点太好当了啊。。。,2022-04-06 09:36:41
52918922,5月1日起四川凉山遏制高额彩礼条例实行,48 , 282301,爹爹爱打铁,202980205111194,https://bbs.hupu.com/52918922.html,5月1日起四川凉山遏制高额彩礼条例实行,2022-04-07 09:38:59
52905114,女子钥匙落在屋内求助开锁公司换锁，换完锁不给钱：我怀疑你的资质,505 , 968405,巴拉巴拉香,17719645420033,https://bbs.hupu.com/52905114.html,女子钥匙落在屋内求助开锁公司换锁，换完锁不给钱：我怀疑你的资质,2022-04-06 13:46:46
52920814,说唱歌手肘击恐吓卖艺老人，还转账0.01元嘲讽,98 , 273825,湖南娄底双峰王旭,35537035205222,https://bbs.hupu.com/52920814.html,说唱歌手肘击恐吓卖艺老人，还转账0.01元嘲讽,2022-04-07 11:00:55
52926776,关于出轨这一现象，不能一概而论，全盘否定,64 , 279050,一生思科,212467704684539,https://bbs.hupu.com/52926776.html,关于出轨这一现象，不能一概而论，全盘否定,2022-04-07 17:04:00
52895449,说真的，一点都不疼,56 , 282338,布朗的忠粉,146831674832732,https://bbs.hupu.com/52895449.html,说真的，一点都不疼,2022-04-06 03:30:52
52906326,不懂就问，这种击打对健身有什么好处吗,161 , 810938,超级LONZO,157902511289790,https://bbs.hupu.com/52906326.html,不懂就问，这种击打对健身有什么好处吗,2022-04-06 14:51:08
52918574,吴三桂和石敬瑭哪个情节更恶劣？,74 , 276401,wros,248904201782853,https://bbs.hupu.com/52918574.html,吴三桂和石敬瑭哪个情节更恶劣？,2022-04-07 09:21:48
52933921,女朋友和她的姐妹一起拍的毕业照谁更好看,55 , 328836,各种丝袜基地,133257680756178,https://bbs.hupu.com/52933921.html,女朋友和她的姐妹一起拍的毕业照谁更好看,2022-04-07 23:21:50
52897599,历史场次，甲骨文球馆,95 , 1415035,小美美眉儿,8810185428203,https://bbs.hupu.com/52897599.html,历史场次，甲骨文球馆,2022-04-06 09:14:42
52928302,网上申购的茅台，第二次就连中两签什么水平？,58 , 270860,永远的0824,112697713653928,https://bbs.hupu.com/52928302.html,网上申购的茅台，第二次就连中两签什么水平？,2022-04-07 18:34:31
52927783,在网易实习一个月就被踢了,106 , 273114,小小小小小狗,11020741260220,https://bbs.hupu.com/52927783.html,在网易实习一个月就被踢了,2022-04-07 18:02:34
52909450,大鱼吃小鸭就一口的事,38 , 266477,75度酒精,143479934603267,https://bbs.hupu.com/52909450.html,大鱼吃小鸭就一口的事,2022-04-06 17:51:07
52912663,谁才是真正的〖美国队长〗,49 , 387118,Payne53,25987858580595,https://bbs.hupu.com/52912663.html,谁才是真正的〖美国队长〗,2022-04-06 21:33:18
52922591,昨天刚认识的女生，真的出乎我意料,75 , 255750,野原胖虎,42058007391284,https://bbs.hupu.com/52922591.html,昨天刚认识的女生，真的出乎我意料,2022-04-07 12:31:43
52899904,街上那么多考研二战，三战的例子，要是高考时又复读了，那岂不出来工作就大龄了？,228 , 547108,虎扑JR0514770422,161321608142273,https://bbs.hupu.com/52899904.html,街上那么多考研二战，三战的例子，要是高考时又复读了，那岂不出来工作就大龄了？,2022-04-06 10:42:00
52926322,开头以为是练蛤蟆功，看到最后一个蚌埠住了,33 , 264128,靓仔是他最后的倔强,1874857927551,https://bbs.hupu.com/52926322.html,开头以为是练蛤蟆功，看到最后一个蚌埠住了,2022-04-07 16:38:53
52922360,鳄鱼这攻击速度，JRS有信心躲得开吗？,83 , 244888,余大嘴,14309574315422,https://bbs.hupu.com/52922360.html,鳄鱼这攻击速度，JRS有信心躲得开吗？,2022-04-07 12:16:43
52927527,【轨道交通爱好者】有没有交通爱好者JR，来秀出你的美图,130 , 259755,RAFALE阵风,253704922069632,https://bbs.hupu.com/52927527.html,【轨道交通爱好者】有没有交通爱好者JR，来秀出你的美图,2022-04-07 17:45:28
52900255,男子海钓时差点被鱼拖进海里，手里还能握紧鱼竿不松,199 , 941246,巴拉巴拉香,17719645420033,https://bbs.hupu.com/52900255.html,男子海钓时差点被鱼拖进海里，手里还能握紧鱼竿不松,2022-04-06 10:55:04
52912213,你能坚持3分钟不流口水吗？,27 , 256457,冰帝迹部少爷,37728397520686,https://bbs.hupu.com/52912213.html,你能坚持3分钟不流口水吗？,2022-04-06 21:02:36
52888286,xdm，有没有像我一样很乐意跟老婆一起回娘家的,827 , 2076032,放羊的夏目,191473319660061,https://bbs.hupu.com/52888286.html,xdm，有没有像我一样很乐意跟老婆一起回娘家的,2022-04-05 15:16:34
52914851,深夜话题，大伙的宿舍关系怎么样,149 , 550812,魔人哈兰欧,172772315335901,https://bbs.hupu.com/52914851.html,深夜话题，大伙的宿舍关系怎么样,2022-04-06 23:54:55
52897599,历史场次，甲骨文球馆,95 , 1416035,小美美眉儿,8810185428203,https://bbs.hupu.com/52897599.html,历史场次，甲骨文球馆,2022-04-06 09:14:42
52886804,有人能get到曾经的香江第一美少年狄龙吗？,64 , 274250,我是五好青年,265214941000839,https://bbs.hupu.com/52886804.html,有人能get到曾经的香江第一美少年狄龙吗？,2022-04-05 12:57:29
52929252,方差和标准差的单位是啥?,50 , 228867,零发克鲁斯,130551500084785,https://bbs.hupu.com/52929252.html,方差和标准差的单位是啥?,2022-04-07 19:33:31
52888286,xdm，有没有像我一样很乐意跟老婆一起回娘家的,828 , 2076758,放羊的夏目,191473319660061,https://bbs.hupu.com/52888286.html,xdm，有没有像我一样很乐意跟老婆一起回娘家的,2022-04-05 15:16:34
52912091,【阿扑夜话023】如果能拥一项游戏英雄的技能，你选择什么？,69 , 226986,阿扑侃大山,152652030612523,https://bbs.hupu.com/52912091.html,【阿扑夜话023】如果能拥一项游戏英雄的技能，你选择什么？,2022-04-06 20:53:57
52935285,兄弟们喜欢看野球帝吗，里面最喜欢谁，又不喜欢谁,209 , 244327,劲夫拳治聋,25734660657618,https://bbs.hupu.com/52935285.html,兄弟们喜欢看野球帝吗，里面最喜欢谁，又不喜欢谁,2022-04-08 02:23:13
52900255,男子海钓时差点被鱼拖进海里，手里还能握紧鱼竿不松,199 , 941515,巴拉巴拉香,17719645420033,https://bbs.hupu.com/52900255.html,男子海钓时差点被鱼拖进海里，手里还能握紧鱼竿不松,2022-04-06 10:55:04
52889987,不牵绳引发的悲剧,1249 , 1884416,巴拉巴拉香,17719645420033,https://bbs.hupu.com/52889987.html,不牵绳引发的悲剧,2022-04-05 17:58:11
52919031,荆轲刺秦最终失败的原因是因为秦舞阳关键时候的甩锅吧？,94 , 224598,于谦儿大爷的真爱粉,223935107397641,https://bbs.hupu.com/52919031.html,荆轲刺秦最终失败的原因是因为秦舞阳关键时候的甩锅吧？,2022-04-07 09:43:20
52918036,求助 我被教学楼的看门大叔….,37 , 245614,C罗明天会说,12302793216748,https://bbs.hupu.com/52918036.html,求助 我被教学楼的看门大叔….,2022-04-07 08:53:01
52901906,窝在家里旱死了,95 , 229053,轻如鸿毛,148100851645177,https://bbs.hupu.com/52901906.html,,
52919440,请问白车有问题吗,31 , 217556,奥苏贝尔带我上岸,15043686957658,https://bbs.hupu.com/52919440.html,请问白车有问题吗,2022-04-07 10:04:45
52899904,街上那么多考研二战，三战的例子，要是高考时又复读了，那岂不出来工作就大龄了？,228 , 547989,虎扑JR0514770422,161321608142273,https://bbs.hupu.com/52899904.html,街上那么多考研二战，三战的例子，要是高考时又复读了，那岂不出来工作就大龄了？,2022-04-06 10:42:00
52935855,十年前的高中生，元旦晚会现场演绎罗志祥的舞曲,87 , 230571,我亲妹妹被打,92795725049547,https://bbs.hupu.com/52935855.html,十年前的高中生，元旦晚会现场演绎罗志祥的舞曲,2022-04-08 06:10:10
52912663,谁才是真正的〖美国队长〗,49 , 387434,Payne53,25987858580595,https://bbs.hupu.com/52912663.html,谁才是真正的〖美国队长〗,2022-04-06 21:33:18
52887573,天龙倚天超一流3V3谁更强？,71 , 329695,纳样的光阴,54602999949699,https://bbs.hupu.com/52887573.html,天龙倚天超一流3V3谁更强？,2022-04-05 14:07:55
52935722,中国十大将军省,108 , 212954,薛定饿的猫神,269723078723488,https://bbs.hupu.com/52935722.html,中国十大将军省,2022-04-08 05:03:27
52929940,请郎朗给孩子上节钢琴课多少钱？,50 , 213459,马可乐菠萝,168622187552668,https://bbs.hupu.com/52929940.html,请郎朗给孩子上节钢琴课多少钱？,2022-04-07 20:09:02
52928396,有一说一 英雄联盟会有点东西,82 , 209584,薄荷猫很可爱,123426406475081,https://bbs.hupu.com/52928396.html,有一说一 英雄联盟会有点东西,2022-04-07 18:41:19
52927036,遇到老板强制要求加班怎么办,22 , 209760,超级LONZO,157902511289790,https://bbs.hupu.com/52927036.html,遇到老板强制要求加班怎么办,2022-04-07 17:19:01
52891314,你所在的城市哪里最多漂亮女生出没?,215 , 671968,MVPBr,85939872304871,https://bbs.hupu.com/52891314.html,你所在的城市哪里最多漂亮女生出没?,2022-04-05 20:01:09
52891122,美国单日新增135万例，什么水平？,852 , 1447139,巴拉巴拉香,17719645420033,https://bbs.hupu.com/52891122.html,美国单日新增135万例，什么水平？,2022-04-05 19:45:11
52894472,兄弟们，交出你们手机里最搞笑的图片或表情包吧！！！,126 , 483699,凌霄君爱菜肉,191863072088335,https://bbs.hupu.com/52894472.html,兄弟们，交出你们手机里最搞笑的图片或表情包吧！！！,2022-04-05 23:55:26
52910927,大明王朝中嘉靖的江河论什么水平,60 , 208089,Kyam,36462124766769,https://bbs.hupu.com/52910927.html,大明王朝中嘉靖的江河论什么水平,2022-04-06 19:32:16
52908098,英国将名画《俄罗斯舞者》改名为《乌克兰舞者》,56 , 200436,猛男累了,263713285164753,https://bbs.hupu.com/52908098.html,英国将名画《俄罗斯舞者》改名为《乌克兰舞者》,2022-04-06 16:28:53
52889340,感觉我妈玩自媒体已经魔怔了,426 , 1347686,格林恩师塞拉斯,253064938434856,https://bbs.hupu.com/52889340.html,感觉我妈玩自媒体已经魔怔了,2022-04-05 16:58:38
52885911,你有没有遇见过虽然长的不好看，但是相处起来很舒服的女生？,615 , 1978276,虎扑JR0791958638,221368281250847,https://bbs.hupu.com/52885911.html,你有没有遇见过虽然长的不好看，但是相处起来很舒服的女生？,2022-04-05 11:46:07
52920659,哥们去殡仪馆修监控，被隔离在里面了。给他安排了一个豪华大包间。,49 , 190258,无限复活888,62359491991531,https://bbs.hupu.com/52920659.html,哥们去殡仪馆修监控，被隔离在里面了。给他安排了一个豪华大包间。,2022-04-07 10:54:23
52921083,【午间话题025】有什么美食你可以吃一辈子？,99 , 189126,阿扑侃大山,152652030612523,https://bbs.hupu.com/52921083.html,【午间话题025】有什么美食你可以吃一辈子？,2022-04-07 11:14:02
52888763,情侣两个人三观差距太大是种怎样的体验？,219 , 833805,再不干饭就瘦了,174074608117155,https://bbs.hupu.com/52888763.html,情侣两个人三观差距太大是种怎样的体验？,2022-04-05 16:02:42
52932420,回家开体彩店，今日业绩,20 , 193614,格莱恩哈尔,180592001383342,https://bbs.hupu.com/52932420.html,回家开体彩店，今日业绩,2022-04-07 22:02:47
52919439,东子和众兄弟一起毕业啦,19 , 187966,Yunomilo,49409581744966,https://bbs.hupu.com/52919439.html,东子和众兄弟一起毕业啦,2022-04-07 10:04:43
52919353,【每日一拍】今天，发帖晒晒你上一次出门旅游拍的照片,55 , 186444,虎扑每日一拍,251145398666,https://bbs.hupu.com/52919353.html,【每日一拍】今天，发帖晒晒你上一次出门旅游拍的照片,2022-04-07 10:00:24
52926882,【字幕】赛斯-库里：我和格林讲垃圾话，那让斯蒂芬左右为难,68 , 187711, 西海岸篮球,15390569070531,https://bbs.hupu.com/52926882.html,【字幕】赛斯-库里：我和格林讲垃圾话，那让斯蒂芬左右为难,2022-04-07 17:10:23
52927238,水牛这操作把老虎都搞懵圈了…,15 , 185311,75度酒精,143479934603267,https://bbs.hupu.com/52927238.html,水牛这操作把老虎都搞懵圈了…,2022-04-07 17:29:58
52895716,我弟的蛇…..,175 , 1059322,无可奈何心塞塞,52899904493284,https://bbs.hupu.com/52895716.html,我弟的蛇…..,2022-04-06 05:18:43
52922250,震惊，北大附中竟然有这样的东西！,37 , 182386,虎扑JR0625794242,279310611236357,https://bbs.hupu.com/52922250.html,震惊，北大附中竟然有这样的东西！,2022-04-07 12:09:22
52886683,来学瑜伽了,114 , 732276,小仙女写真馆,211041530188580,https://bbs.hupu.com/52886683.html,来学瑜伽了,2022-04-05 12:46:39
52917966,汉末的汝南袁氏简直就是政治投机的高手啊,63 , 183044,本位田又八,58951491673538,https://bbs.hupu.com/52917966.html,汉末的汝南袁氏简直就是政治投机的高手啊,2022-04-07 08:49:20
52902615,网友翻拍达叔“软饭硬吃”名场面，这什么水平？达叔点赞的水平吧,60 , 388793,下一个90天后见,127898963427349,https://bbs.hupu.com/52902615.html,网友翻拍达叔“软饭硬吃”名场面，这什么水平？达叔点赞的水平吧,2022-04-06 12:25:28
52925256,【聚光灯计划】看到这些大佬，我羡慕哭了！快来发起属于你的聚光灯话题吧！,4 , 178522,虎扑的步行街,260395651841167,https://bbs.hupu.com/52925256.html,【聚光灯计划】看到这些大佬，我羡慕哭了！快来发起属于你的聚光灯话题吧！,2022-04-07 15:34:46
52933320,现在相亲市场女生可以随便挑？大城市的大龄剩女比男生高四倍,59 , 183929,喜欢萨摩耶的禅师菲尔杰克逊,148246624062599,https://bbs.hupu.com/52933320.html,现在相亲市场女生可以随便挑？大城市的大龄剩女比男生高四倍,2022-04-07 22:46:05
52900442,男子自学编程苹果手机解锁软件，获利400多万,51 , 189636,你们的爱豆瑟瑟发抖,236505258441973,https://bbs.hupu.com/52900442.html,男子自学编程苹果手机解锁软件，获利400多万,2022-04-06 11:02:40
52890857,黑夜将至，男生们请躲起来,169 , 1036984,老娘爱穿九分裤,275021968955583,https://bbs.hupu.com/52890857.html,黑夜将至，男生们请躲起来,2022-04-05 19:20:32
52908440,你们在一线城市工作一个月能存多少钱啊,94 , 233979,我真的是废物,68912426683268,https://bbs.hupu.com/52908440.html,你们在一线城市工作一个月能存多少钱啊,2022-04-06 16:49:32
52896109,xdm，图书馆被人要vx了,1567 , 1154286,威威尼斯湖,17310585944491,https://bbs.hupu.com/52896109.html,xdm，图书馆被人要vx了,2022-04-06 07:27:07
52917476,这女的啥水平,58 , 207923,吴彦祖皖北分祖,222849891421267,https://bbs.hupu.com/52917476.html,这女的啥水平,2022-04-07 08:23:58
52933270,【好好吃饭】自己买的卷饼兄弟们吃了吗,20 , 169205,西山王,59480234976280,https://bbs.hupu.com/52933270.html,【好好吃饭】自己买的卷饼兄弟们吃了吗,2022-04-07 22:43:38
52931649,张含韵对你说晚安是什么感觉，确定你有没有撞进她的胸怀,35 , 164400,穷哈基地,25330129947022,https://bbs.hupu.com/52931649.html,张含韵对你说晚安是什么感觉，确定你有没有撞进她的胸怀,2022-04-07 21:29:46
52915653,清明上河图和蒙娜丽莎，哪一个收藏价值更高？,96 , 174652,江南第一美男子,189240742906958,https://bbs.hupu.com/52915653.html,清明上河图和蒙娜丽莎，哪一个收藏价值更高？,2022-04-07 02:11:25
52923980,太郁闷了，被臭虫弹了一个屁，快两个小时了还没散去味道,34 , 163296,之之啊之之,93127059604240,https://bbs.hupu.com/52923980.html,太郁闷了，被臭虫弹了一个屁，快两个小时了还没散去味道,2022-04-07 14:08:15
52888266,真的假的？这东西发明有哪些应用场景吗？,220 , 1139944,戴眼镜人士,170722399872363,https://bbs.hupu.com/52888266.html,真的假的？这东西发明有哪些应用场景吗？,2022-04-05 15:14:56
52913379,美国宇航员：与俄罗斯同事是好友，不担心回不了地球,56 , 171276,齐齐四散,78682139086868,https://bbs.hupu.com/52913379.html,美国宇航员：与俄罗斯同事是好友，不担心回不了地球,2022-04-06 22:11:37
52913483,果麦文化：投资影片《四海》的亏损约为700万元至900万元,40 , 194944,快看这里好不,246101643240561,https://bbs.hupu.com/52913483.html,果麦文化：投资影片《四海》的亏损约为700万元至900万元,2022-04-06 22:19:10
52918828,分享7种常见皮肤病的对症用药,66 , 163965,天天吹比亮,210586969184520,https://bbs.hupu.com/52918828.html,分享7种常见皮肤病的对症用药,2022-04-07 09:34:07
52918589,哭悲能看了,87 , 162185,陳得福,237708044136350,https://bbs.hupu.com/52918589.html,哭悲能看了,2022-04-07 09:22:39
52927252,【多肉基地】阳光明媚！晒晒你养的多肉植物一起来探讨吧！,55 , 157409,Jsq爱艾弗森,151496685295583,https://bbs.hupu.com/52927252.html,【多肉基地】阳光明媚！晒晒你养的多肉植物一起来探讨吧！,2022-04-07 17:30:38
52908917,我妈被欺负了 各位jr请帮忙出下主意,36 , 260337,Sherlockli,138244617182120,https://bbs.hupu.com/52908917.html,我妈被欺负了 各位jr请帮忙出下主意,2022-04-06 17:17:48
52914491,虎扑的兄弟们对于保时捷别停孕妇车怎么看,84 , 163897,Roby你硬一点啊喂,275630528278993,https://bbs.hupu.com/52914491.html,虎扑的兄弟们对于保时捷别停孕妇车怎么看,2022-04-06 23:26:44
52917882,上海今日新增确诊322，无症状19660人，累计破十万大关了，拐点在何处,286 , 174355,real灰狼,59338360112574,https://bbs.hupu.com/52917882.html,上海今日新增确诊322，无症状19660人，累计破十万大关了，拐点在何处,2022-04-07 08:46:02
52906188,【潮菜叶飞】无米粿是多少潮汕人最爱的经典小吃！,19 , 157513,潮菜叶飞,145751664612147,https://bbs.hupu.com/52906188.html,【潮菜叶飞】无米粿是多少潮汕人最爱的经典小吃！,2022-04-06 14:44:02
52922694,华语经典MV：刘亦菲 - 心悸，你们还记得当年神仙姐姐是怎样跳舞的吗？,30 , 154910,九龙茶馆煲汤,278151919042714,https://bbs.hupu.com/52922694.html,华语经典MV：刘亦菲 - 心悸，你们还记得当年神仙姐姐是怎样跳舞的吗？,2022-04-07 12:38:16
52900356,不懂就问，都吹锦州烧烤，锦州烧烤真的好吃吗,168 , 625841,杨鸣是神,103038444792130,https://bbs.hupu.com/52900356.html,不懂就问，都吹锦州烧烤，锦州烧烤真的好吃吗,2022-04-06 10:58:47
52918325,太吓人，学生晒棉被却引蜜蜂来安家,24 , 156933,猛男累了,263713285164753,https://bbs.hupu.com/52918325.html,太吓人，学生晒棉被却引蜜蜂来安家,2022-04-07 09:08:05
52913360,坐标上海 快被疫情憋疯了,338 , 194967,风骚小科比比,170787410932441,https://bbs.hupu.com/52913360.html,坐标上海 快被疫情憋疯了,2022-04-06 22:10:58
52921547,三权分立这么天才的制度到底是怎么设立的呢,90 , 158091,爱月月,30696131331194,https://bbs.hupu.com/52921547.html,三权分立这么天才的制度到底是怎么设立的呢,2022-04-07 11:33:25
52888667,博士面试，一问三不知,97 , 294195,虎扑JR0904943236,208668857147879,https://bbs.hupu.com/52888667.html,博士面试，一问三不知,2022-04-05 15:53:41
52905344,张朝阳4.8号线下物理课报名成功！,61 , 274678,杨超越的秘密男友,236030105453014,https://bbs.hupu.com/52905344.html,张朝阳4.8号线下物理课报名成功！,2022-04-06 13:57:41
52927792,深圳疫情隔离期间只能照顾多肉,33 , 146706,科怀伦纳德kawhi,48040201671351,https://bbs.hupu.com/52927792.html,深圳疫情隔离期间只能照顾多肉,2022-04-07 18:03:26
52924120,《江户川柯南非洲失踪事件（上）》,16 , 143327,戴眼镜人士,170722399872363,https://bbs.hupu.com/52924120.html,《江户川柯南非洲失踪事件（上）》,2022-04-07 14:17:34
52916648,隔离期间买不到蔬菜你吃什么,18 , 174098,化学仪器基地,196017919695626,https://bbs.hupu.com/52916648.html,隔离期间买不到蔬菜你吃什么,2022-04-07 06:12:54
52921248,"xdm,对方肇事逃逸后，不赔偿车损怎么办？",81 , 139127,用户0460376889,245848186686663,https://bbs.hupu.com/52921248.html,"xdm,对方肇事逃逸后，不赔偿车损怎么办？",2022-04-07 11:20:52
52928212,为何凯美瑞销量这么坚挺,91 , 140939,接吻就开枪,151604144698850,https://bbs.hupu.com/52928212.html,为何凯美瑞销量这么坚挺,2022-04-07 18:28:49
52900201,难得穿黑丝,56 , 319121,a867141407,134146138070088,https://bbs.hupu.com/52900201.html,难得穿黑丝,2022-04-06 10:52:43
52906876,怎么判断一个女孩子喜不喜欢我？,94 , 334201,虎扑JR0544776247,36285494702234,https://bbs.hupu.com/52906876.html,怎么判断一个女孩子喜不喜欢我？,2022-04-06 15:20:34
52932714,[浮生日记380/好好吃饭31]4.7 各隔离21,8 , 135592,糊涂的狐兔,38817346207406,https://bbs.hupu.com/52932714.html,[浮生日记380/好好吃饭31]4.7 各隔离21,2022-04-07 22:14:55
52910457,兄弟们身上长了这个玩意,49 , 192026,Jh13Ja12,82892655019295,https://bbs.hupu.com/52910457.html,兄弟们身上长了这个玩意,2022-04-06 18:58:04
52911395,大熊变成刘德华，下秒被静香倒追。,33 , 185130,村东头的王大爷,47114205017384,https://bbs.hupu.com/52911395.html,大熊变成刘德华，下秒被静香倒追。,2022-04-06 20:05:34
52917042,为什么1920年国内就有好多兵工厂了，直到1956年才能生产自己的汽车？,46 , 163759,马刺名宿伦纳德爆打杜小帅,191148538859194,https://bbs.hupu.com/52917042.html,为什么1920年国内就有好多兵工厂了，直到1956年才能生产自己的汽车？,2022-04-07 07:41:20
52926238,在路上看到漂亮女生，你会做出什么反应?,38 , 132191,MVPBr,85939872304871,https://bbs.hupu.com/52926238.html,在路上看到漂亮女生，你会做出什么反应?,2022-04-07 16:33:12
52921414,茅台，还是生肖好,23 , 131296,伊姐姐藏酒,107084697683668,https://bbs.hupu.com/52921414.html,茅台，还是生肖好,2022-04-07 11:27:09
52888693,确认关系，不让亲不让抱这种算啥,138 , 737676,登上金字塔的青蛙,20810165038808,https://bbs.hupu.com/52888693.html,确认关系，不让亲不让抱这种算啥,2022-04-05 15:56:04
52930405,金泰梨演技真好，演的搞笑女拿捏住我了,22 , 128602,自然现象观察者,61754139360189,https://bbs.hupu.com/52930405.html,金泰梨演技真好，演的搞笑女拿捏住我了,2022-04-07 20:30:01
52889454,章泽天备受业内好评，她能陪刘强东出席各种国际高大上的场合，也能一起挤地铁。,82 , 616298,宏民,161973551644765,https://bbs.hupu.com/52889454.html,章泽天备受业内好评，她能陪刘强东出席各种国际高大上的场合，也能一起挤地铁。,2022-04-05 17:09:04
52890782,女子18万买的车位被人侵占，装地锁后再被人破坏…,498 , 1300925,你们的爱豆瑟瑟发抖,236505258441973,https://bbs.hupu.com/52890782.html,女子18万买的车位被人侵占，装地锁后再被人破坏…,2022-04-05 19:14:25
52927057,你大爷还是你大爷！老年人硬核健身！,18 , 130301,超级LONZO,157902511289790,https://bbs.hupu.com/52927057.html,你大爷还是你大爷！老年人硬核健身！,2022-04-07 17:19:58
52927858,各位大哥们…拟录取后在家干啥呢…,58 , 135149,我什么都不会rr,104575040625857,https://bbs.hupu.com/52927858.html,各位大哥们…拟录取后在家干啥呢…,2022-04-07 18:07:58
52920907, 最新2021城市人口增量排名，武蓉杭前三 ,19 , 127274,唐哲2018,196753643062511,https://bbs.hupu.com/52920907.html,最新2021城市人口增量排名，武蓉杭前三,2022-04-07 11:04:43
52911520,四五个大专学校，能给一个县城带来什么？,67 , 193642,水土保持与荒漠化防治,15231301626999,https://bbs.hupu.com/52911520.html,四五个大专学校，能给一个县城带来什么？,2022-04-06 20:15:40
52925779,猛大喵的航海日志LXXVII “血斑异大眼鲷”,13 , 124756,猛大喵,135699544780237,https://bbs.hupu.com/52925779.html,猛大喵的航海日志LXXVII “血斑异大眼鲷”,2022-04-07 16:07:16
52904740,男生在学校兼职Tony半年挣回学费，有老师慕名而来,44 , 191887,今晚的月光,215396808925534,https://bbs.hupu.com/52904740.html,男生在学校兼职Tony半年挣回学费，有老师慕名而来,2022-04-06 13:32:42
52917487,重看法医秦明,19 , 173210,谁没有一些丶得不到的梦,49266694032373,https://bbs.hupu.com/52917487.html,重看法医秦明,2022-04-07 08:25:15
52913248,普京与武契奇通电话，讨论俄罗斯向塞尔维亚供应天然气新合同相关事宜,47 , 131290,沙克没干啊,81184902004208,https://bbs.hupu.com/52913248.html,普京与武契奇通电话，讨论俄罗斯向塞尔维亚供应天然气新合同相关事宜,2022-04-06 22:03:44
52930138,好汉歌在四大名著影视剧中排第几？,22 , 125772,外卖,250700104751081,https://bbs.hupu.com/52930138.html,好汉歌在四大名著影视剧中排第几？,2022-04-07 20:18:37
52912383,考研完，不仅发现女盆友没了，自己也被绿了,34 , 148135,garmonster,184973488975110,https://bbs.hupu.com/52912383.html,考研完，不仅发现女盆友没了，自己也被绿了,2022-04-06 21:12:17
52933104,兄弟们这表白墙什么水平,22 , 137104,Tocoveron,247879321693030,https://bbs.hupu.com/52933104.html,兄弟们这表白墙什么水平,2022-04-07 22:34:48
52901130,哪个瞬间让你突然很想谈恋爱,155 , 416560,阿汤哥Ethan,270633416256800,https://bbs.hupu.com/52901130.html,哪个瞬间让你突然很想谈恋爱,2022-04-06 11:27:54
52896760,有一说一，这球犯规了没,82 , 437945,虎扑JR1779767152,193506797747953,https://bbs.hupu.com/52896760.html,有一说一，这球犯规了没,2022-04-06 08:27:13
52909382,货车起火多次发生激烈爆燃，消防员站在一旁灭火岿然不动,41 , 292668,巴拉巴拉香,17719645420033,https://bbs.hupu.com/52909382.html,货车起火多次发生激烈爆燃，消防员站在一旁灭火岿然不动,2022-04-06 17:46:53
52930099,看看俩司机到底谁的错，会怎么判,64 , 126364,泉水叮咚0,158084991410391,https://bbs.hupu.com/52930099.html,看看俩司机到底谁的错，会怎么判,2022-04-07 20:17:17
52918849,钉钉虚拟定位苹果爱思助手失效了,19 , 124063,秋愁满江山,270344862762230,https://bbs.hupu.com/52918849.html,钉钉虚拟定位苹果爱思助手失效了,2022-04-07 09:35:34
52908704,玻璃纤维会刺入皮肤吗？有什么危害？,20 , 158987,虎扑JR0090397903,31648562291500,https://bbs.hupu.com/52908704.html,玻璃纤维会刺入皮肤吗？有什么危害？,2022-04-06 17:04:08
52883845,饼干为什么设计成里面点了很多洞洞这个样子？原理是什么？如图。,241 , 1188000,虎扑JR208940263,195838135070269,https://bbs.hupu.com/52883845.html,饼干为什么设计成里面点了很多洞洞这个样子？原理是什么？如图。,2022-04-05 09:01:57
52935331,王冰冰和马凡舒 你选谁？,25 , 138691,唐哲2018,196753643062511,https://bbs.hupu.com/52935331.html,王冰冰和马凡舒 你选谁？,2022-04-08 02:34:42
52889441,美国最大丧葬公司股价暴涨45倍,162 , 889255,唐哲2018,196753643062511,https://bbs.hupu.com/52889441.html,美国最大丧葬公司股价暴涨45倍,2022-04-05 17:08:03
52913183,立标女神，立标奔驰见多了，立标蛇还是第一次见,75 , 321415,忠于9号,114624658199551,https://bbs.hupu.com/52913183.html,立标女神，立标奔驰见多了，立标蛇还是第一次见,2022-04-06 22:00:00
52924731,林肯飞行家，安全到家了,18 , 117768,罗老师说车,87576481085962,https://bbs.hupu.com/52924731.html,林肯飞行家，安全到家了,2022-04-07 14:59:58
52886870,最好的健身耳机必须满足一些非常具体的功能，最佳健身耳机一览,75 , 346903,yal120,181546897007605,https://bbs.hupu.com/52886870.html,最好的健身耳机必须满足一些非常具体的功能，最佳健身耳机一览,2022-04-05 13:05:15
52911987,真的是我偏激吗，出轨的人真的可以是好人吗,144 , 315018,不成问题先生,48914159195075,https://bbs.hupu.com/52911987.html,真的是我偏激吗，出轨的人真的可以是好人吗,2022-04-06 20:46:02
52900504,为什么人见人爱的“再来一瓶”，现在​消失了？,427 , 1056402,痞子最柔情,151323980314108,https://bbs.hupu.com/52900504.html,为什么人见人爱的“再来一瓶”，现在​消失了？,2022-04-06 11:05:47
52927107,想吃蟹黄，有老哥推荐下吗,28 , 116009,克莱会让所有伪球迷闭嘴,225043754584674,https://bbs.hupu.com/52927107.html,想吃蟹黄，有老哥推荐下吗,2022-04-07 17:23:06
52893227,老哥们都关注了什么神仙女UP主,105 , 288354,老詹泡椒梅娃千金,262284744371723,https://bbs.hupu.com/52893227.html,老哥们都关注了什么神仙女UP主,2022-04-05 22:12:17
52910005,大部分计算机工作都在一线，你们有没有想过你们的买房咋办啊？,211 , 279731,白衣卿相同才子佳人,111179171609597,https://bbs.hupu.com/52910005.html,大部分计算机工作都在一线，你们有没有想过你们的买房咋办啊？,2022-04-06 18:27:05
52920423,女人的消费观我真的难以理解,52 , 111823,Joecy91,73915568464226,https://bbs.hupu.com/52920423.html,,
52891334,超市的墨西哥式牛油果酱,496 , 1134815,GHayward,143789756978405,https://bbs.hupu.com/52891334.html,超市的墨西哥式牛油果酱,2022-04-05 20:02:18
52897503,女神微信要到了，该怎么开展,299 , 680342,日落大地,147129418444585,https://bbs.hupu.com/52897503.html,女神微信要到了，该怎么开展,2022-04-06 09:09:32
52918027,想知道你的肾好不好，看睡觉就知道！,13 , 110579,猛男累了,263713285164753,https://bbs.hupu.com/52918027.html,想知道你的肾好不好，看睡觉就知道！,2022-04-07 08:52:23
52930769,不开玩笑，这么牛的动作前十秒我也可以做到！,22 , 120686,75度酒精,143479934603267,https://bbs.hupu.com/52930769.html,不开玩笑，这么牛的动作前十秒我也可以做到！,2022-04-07 20:46:57
52908000,丈夫给第三者18万妻子起诉全要回,22 , 258475,猛男累了,263713285164753,https://bbs.hupu.com/52908000.html,丈夫给第三者18万妻子起诉全要回,2022-04-06 16:22:28
52911741,这是什么蛇？走几十米见到2条,21 , 222431,我詹踩狗shi,170976410774036,https://bbs.hupu.com/52911741.html,这是什么蛇？走几十米见到2条,2022-04-06 20:28:38
52913544,大家对这位老师什么印象台词,26 , 166480,金州神将,247922842975709,https://bbs.hupu.com/52913544.html,大家对这位老师什么印象台词,2022-04-06 22:24:07
52892526,这茶饼还可以喝吗？或者有什么价值吗？,371 , 1005255,Fairo1990,247801434183853,https://bbs.hupu.com/52892526.html,这茶饼还可以喝吗？或者有什么价值吗？,2022-04-05 21:27:27
52909417,老人手机店询问价格，突然扑向店员,31 , 215051,克塞基地,268481056205317,https://bbs.hupu.com/52909417.html,老人手机店询问价格，突然扑向店员,2022-04-06 17:48:56
52920609,东哥也毕业了，如何评价他在京东的成绩？,16 , 105501,用户0577369694,208290034176260,https://bbs.hupu.com/52920609.html,东哥也毕业了，如何评价他在京东的成绩？,2022-04-07 10:52:16
52913728,上诉前被判2000年，上诉后加多了9000年…,46 , 158789,75度酒精,143479934603267,https://bbs.hupu.com/52913728.html,上诉前被判2000年，上诉后加多了9000年…,2022-04-06 22:37:20
52914169,广州研究生会做5-8k的工作嘛,93 , 131361,德鲁大ge,182651303621624,https://bbs.hupu.com/52914169.html,广州研究生会做5-8k的工作嘛,2022-04-06 23:02:41
52927361,成年银背大猩猩能否单挑成年藏獒？,25 , 110798,马刺名宿伦纳德爆打杜小帅,191148538859194,https://bbs.hupu.com/52927361.html,成年银背大猩猩能否单挑成年藏獒？,2022-04-07 17:36:30
52914913,无意间翻到父亲的聊天记录不知道如何是好,46 , 139805,虎扑JR0650793181,10343538749209,https://bbs.hupu.com/52914913.html,,
52933508,这家伙看得我热血沸腾的,22 , 118821,化学仪器基地,196017919695626,https://bbs.hupu.com/52933508.html,这家伙看得我热血沸腾的,2022-04-07 22:57:36
52885728,你们老婆也是娶到之后就天天躺着不干活吗,299 , 1392383,化学仪器基地,196017919695626,https://bbs.hupu.com/52885728.html,你们老婆也是娶到之后就天天躺着不干活吗,2022-04-05 11:33:54
52926930,说一个你最讨厌的梗？,41 , 104491,虎扑Jr80082080,13946686801310,https://bbs.hupu.com/52926930.html,说一个你最讨厌的梗？,2022-04-07 17:12:44
52893429,女子疫情抢购千元食物被大妈顺走。,112 , 570480,做阿北的cat吗,149552813269356,https://bbs.hupu.com/52893429.html,女子疫情抢购千元食物被大妈顺走。,2022-04-05 22:25:34
52917881,【转自36氪】刘强东卸任京东集团CEO，徐雷接任,26 , 115243,我不是画家,168001165666096,https://bbs.hupu.com/52917881.html,【转自36氪】刘强东卸任京东集团CEO，徐雷接任,2022-04-07 08:46:00
52918058,晋献公算不算是一个昏君?,42 , 104513,今夏小爷,274532432827933,https://bbs.hupu.com/52918058.html,晋献公算不算是一个昏君?,2022-04-07 08:53:54
52885632,这个倒放可还行,16 , 121703,风卷尘沙起来去工作,148975284152449,https://bbs.hupu.com/52885632.html,这个倒放可还行,2022-04-05 11:26:13
52922069,家人们，好迷茫要不要再考一年,105 , 100565,我又上当了,273877231229384,https://bbs.hupu.com/52922069.html,家人们，好迷茫要不要再考一年,2022-04-07 11:59:21
52891413,看到街上老哥玩女号探探,85 , 749188,洛城新王安东尼戴维斯,239717507672672,https://bbs.hupu.com/52891413.html,看到街上老哥玩女号探探,2022-04-05 20:07:30
52929979,你好，你的意中人被我俘了,14 , 100862,小洛yy,136266960531627,https://bbs.hupu.com/52929979.html,你好，你的意中人被我俘了,2022-04-07 20:11:04
52934393,JRs 考银行什么流程啊 都要准备些什么啊 ,50 , 102552,投不进的回家球罢了,189421393805704,https://bbs.hupu.com/52934393.html,JRs 考银行什么流程啊 都要准备些什么啊,2022-04-07 23:52:29
52918651,鞋子为识货、毒上价格的70%，是否可信,29 , 103303,a我喜欢你啊,130188937096523,https://bbs.hupu.com/52918651.html,鞋子为识货、毒上价格的70%，是否可信,2022-04-07 09:24:57
52892371,顺治、康熙13岁就有孩子了，真的假的？,294 , 1175928,我真的不懂球,262009027288360,https://bbs.hupu.com/52892371.html,顺治、康熙13岁就有孩子了，真的假的？,2022-04-05 21:16:42
52905253,男子报警称遭妻子家暴，民警调解被拳击，已涉袭警罪,60 , 267644,克塞基地,268481056205317,https://bbs.hupu.com/52905253.html,男子报警称遭妻子家暴，民警调解被拳击，已涉袭警罪,2022-04-06 13:53:04
52910267,一男子对公交车司机连打带踢…,68 , 332819,你们的爱豆瑟瑟发抖,236505258441973,https://bbs.hupu.com/52910267.html,一男子对公交车司机连打带踢…,2022-04-06 18:45:07
52906311,当代咏春现状,131 , 370202,超级LONZO,157902511289790,https://bbs.hupu.com/52906311.html,当代咏春现状,2022-04-06 14:50:17
52932620,街上有医学专业懂胃肠镜的jr吗，疑似克罗恩，来帮我看看,39 , 98134,D12今天不在家,154503892853469,https://bbs.hupu.com/52932620.html,街上有医学专业懂胃肠镜的jr吗，疑似克罗恩，来帮我看看,2022-04-07 22:10:55
52888673,春晚魔术，空碗变米饭，原来是这样变出来的,147 , 596094,秋名山基地,135751300599426,https://bbs.hupu.com/52888673.html,春晚魔术，空碗变米饭，原来是这样变出来的,2022-04-05 15:53:56
52884227,帮我看看这是什么蛇,289 , 822970,偷分老汉冲4万,83457250764581,https://bbs.hupu.com/52884227.html,帮我看看这是什么蛇,2022-04-05 09:30:49
52922251,男子开车过胡同竟然踢了一脚，你怎么看？,14 , 93800,我真的不懂球,262009027288360,https://bbs.hupu.com/52922251.html,男子开车过胡同竟然踢了一脚，你怎么看？,2022-04-07 12:09:29
52936133,Hiphop   Lock out ,0 , 95556,这特么8岁,81367325068650,https://bbs.hupu.com/52936133.html,Hiphop   Lock out,2022-04-08 07:33:56
52920213,求助！南方科技大学与华南理工,62 , 99109,虎扑JR0918762557,83569427042410,https://bbs.hupu.com/52920213.html,求助！南方科技大学与华南理工,2022-04-07 10:34:06
52915045,女朋友做的蒜香大牛排什么水平,38 , 213878,化学仪器基地,196017919695626,https://bbs.hupu.com/52915045.html,女朋友做的蒜香大牛排什么水平,2022-04-07 00:13:55
52933627,感觉21世纪最伟大的发明是云蹦迪,14 , 95340,huang605,33724362519100,https://bbs.hupu.com/52933627.html,感觉21世纪最伟大的发明是云蹦迪,2022-04-07 23:05:23
52927774,琪琪恰恰舞，重器出场！！！,21 , 93261,天津站副站长余则成,61332996940663,https://bbs.hupu.com/52927774.html,琪琪恰恰舞，重器出场！！！,2022-04-07 18:02:16
52912281,【好好吃饭】自己买的隆江猪脚饭，兄弟们吃了吗,57 , 473625,西山王,59480234976280,https://bbs.hupu.com/52912281.html,【好好吃饭】自己买的隆江猪脚饭，兄弟们吃了吗,2022-04-06 21:06:35
52889837,想重读大学了，互联网的实习月薪就有32000？,141 , 435115,北宋路,256407074522949,https://bbs.hupu.com/52889837.html,想重读大学了，互联网的实习月薪就有32000？,2022-04-05 17:44:00
52905175,日本拉面为什么那么受欢迎，感觉也就那样…,162 , 368468,肚子等待大嘴,243084407957611,https://bbs.hupu.com/52905175.html,日本拉面为什么那么受欢迎，感觉也就那样…,2022-04-06 13:49:29
52901839,聊聊廖耀湘兵团无缘无故的覆灭,100 , 381793,湖人之力,266429919874292,https://bbs.hupu.com/52901839.html,聊聊廖耀湘兵团无缘无故的覆灭,2022-04-06 11:55:35
52895388,南通保时捷逼停孕妇事件完整版视频,82 , 421365,克塞基地,268481056205317,https://bbs.hupu.com/52895388.html,南通保时捷逼停孕妇事件完整版视频,2022-04-06 03:11:17
52909707,看到了一个好玩的，下载过来给jrs看,23 , 171086,你的后仰是谁教的,198961708324117,https://bbs.hupu.com/52909707.html,看到了一个好玩的，下载过来给jrs看,2022-04-06 18:08:19
52893548,你永远可以相信女司机,107 , 459284,c10se,219400175592833,https://bbs.hupu.com/52893548.html,你永远可以相信女司机,2022-04-05 22:35:22
52888776,把你的姓氏拆开会得到一个很好听的名字。大家来试试吧,153 , 485730,骑个拉风的昵称,24240001037516,https://bbs.hupu.com/52888776.html,把你的姓氏拆开会得到一个很好听的名字。大家来试试吧,2022-04-05 16:04:27
52918351,魏帝曹芳对司马家不轨，大魏忠臣司马孚果断带头签名废除魏帝曹芳,12 , 92826,恐慌沸腾团长渣唐,50064549116970,https://bbs.hupu.com/52918351.html,魏帝曹芳对司马家不轨，大魏忠臣司马孚果断带头签名废除魏帝曹芳,2022-04-07 09:09:49
52909371,染了好多颜色，黑色才是yyds,31 , 132713,麓轩,240630232503900,https://bbs.hupu.com/52909371.html,染了好多颜色，黑色才是yyds,2022-04-06 17:45:29
52886037,微博上最近怎么这么多韩国人的热搜？,103 , 423558,王者玩家,141364221948258,https://bbs.hupu.com/52886037.html,微博上最近怎么这么多韩国人的热搜？,2022-04-05 11:55:40
52882716,兄弟们差了6岁，有机会吗,181 , 954076,jkbgukbvh,112547326615536,https://bbs.hupu.com/52882716.html,兄弟们差了6岁，有机会吗,2022-04-05 04:36:10
52924943,老婆预产期还有24天，跟JRS分享下激动的心情,28 , 83463,二呆酱酱紫的小瘦子,259994086141599,https://bbs.hupu.com/52924943.html,老婆预产期还有24天，跟JRS分享下激动的心情,2022-04-07 15:14:39
52885176,手感Q弹的微胖女孩,87 , 1275366,场均五垫脚,11808954236758,https://bbs.hupu.com/52885176.html,手感Q弹的微胖女孩,2022-04-05 10:47:58
52918906,丈夫给第三者18万妻子起诉全要回,15 , 83443,夹道欢迎 ,162123338901444,https://bbs.hupu.com/52918906.html,丈夫给第三者18万妻子起诉全要回,2022-04-07 09:38:33
52901190,全国人均GDP最低的100个城市榜单正式出炉，有没有你家乡？,110 , 117360,王霏霏,119820284611167,https://bbs.hupu.com/52901190.html,全国人均GDP最低的100个城市榜单正式出炉，有没有你家乡？,2022-04-06 11:29:41
52926449,小时候爱看的超级变变变，超有创意,18 , 81646,左思右想取名字,185077097082505,https://bbs.hupu.com/52926449.html,小时候爱看的超级变变变，超有创意,2022-04-07 16:47:44
52931191,如果你是一个富二代，你会怎么过完自己的一生？,42 , 99360,名宿恩比德,177233509257491,https://bbs.hupu.com/52931191.html,如果你是一个富二代，你会怎么过完自己的一生？,2022-04-07 21:07:41
52908921,小母柴找家长,35 , 83171,我就JamesH,275829290890620,https://bbs.hupu.com/52908921.html,小母柴找家长,2022-04-06 17:17:58
52909519,这是什么蛇,43 , 175671,虎扑JRddx,3330791436062,https://bbs.hupu.com/52909519.html,这是什么蛇,2022-04-06 17:55:34
52920102,女子16万买房拆迁后卖家索要200万，法院：给30%,20 , 80683,巴拉巴拉香,17719645420033,https://bbs.hupu.com/52920102.html,女子16万买房拆迁后卖家索要200万，法院：给30%,2022-04-07 10:29:15
52918859,研究发现全年喝瓶装水会摄入10万个塑料颗粒,33 , 85821,窗外在打铁,65307867208763,https://bbs.hupu.com/52918859.html,研究发现全年喝瓶装水会摄入10万个塑料颗粒,2022-04-07 09:36:17
52896168,二战德国占领欧洲后不进攻苏联，可行吗？,115 , 252883,篮网老大加内特,117135944565795,https://bbs.hupu.com/52896168.html,二战德国占领欧洲后不进攻苏联，可行吗？,2022-04-06 07:35:58
52913549,女儿又跟她奶奶告状了#家庭搞笑#沙雕,20 , 144082,三哥哥123,66527671963143,https://bbs.hupu.com/52913549.html,女儿又跟她奶奶告状了#家庭搞笑#沙雕,2022-04-06 22:24:37
52910474,"你载着家人唱着歌，在高速上开的好好的，突然小迪告诉你马上失去动力了，
这合理吗？",26 , 95959,虎扑JR0999499032,201165450363619,https://bbs.hupu.com/52910474.html,你载着家人唱着歌，在高速上开的好好的，突然小迪告诉你马上失去动力了，这合理吗？,2022-04-06 18:58:51
52918173,男子带孕妇去医院途中被保时捷逼停,16 , 82015,猛男累了,263713285164753,https://bbs.hupu.com/52918173.html,男子带孕妇去医院途中被保时捷逼停,2022-04-07 08:59:50
52923309,少林寺进军房地产，这波你们怎么看？,62 , 78845,travisg,22093257850793,https://bbs.hupu.com/52923309.html,少林寺进军房地产，这波你们怎么看？,2022-04-07 13:19:58
52896097,魅力街拍：OL造型穿出精致利落感，清爽套装更具独特魅力,50 , 512031,九龙茶馆煲汤,278151919042714,https://bbs.hupu.com/52896097.html,魅力街拍：OL造型穿出精致利落感，清爽套装更具独特魅力,2022-04-06 07:25:09
52927489,男子撞破妻子偷情，收取情夫2万多“补偿”被判敲诈勒索,27 , 88461,虎扑JR1795635241,89723653484835,https://bbs.hupu.com/52927489.html,男子撞破妻子偷情，收取情夫2万多“补偿”被判敲诈勒索,2022-04-07 17:43:31
52930903,人类最伟大的发明是什么？,40 , 77609,威腾的超弦,152200213914243,https://bbs.hupu.com/52930903.html,人类最伟大的发明是什么？,2022-04-07 20:54:19
52913017,14岁，大家看看啥水平,35 , 92037,AndyLaker,200601639622755,https://bbs.hupu.com/52913017.html,14岁，大家看看啥水平,2022-04-06 21:50:33
52936665,七十岁李立群诉说上海隔离生活,70 , 125546,G7390次高铁,20736755600569,https://bbs.hupu.com/52936665.html,七十岁李立群诉说上海隔离生活,2022-04-08 08:30:14
52932760,这人什么水平？,12 , 79008,虎扑JR918666666,82592035547730,https://bbs.hupu.com/52932760.html,这人什么水平？,2022-04-07 22:17:10
52910587,三战考上研究生，值得吗？,102 , 218353,虎扑JR858571436,246760389747668,https://bbs.hupu.com/52910587.html,三战考上研究生，值得吗？,2022-04-06 19:07:09
52905883,jrs们，这个体重打1号位是不是还是吃力了,67 , 91779,梅干菜不加肉,143015477755612,https://bbs.hupu.com/52905883.html,jrs们，这个体重打1号位是不是还是吃力了,2022-04-06 14:24:48
52918863,茅台这几款值得抢一下吗,13 , 75991,韦斯,152510014377727,https://bbs.hupu.com/52918863.html,茅台这几款值得抢一下吗,2022-04-07 09:36:25
52908313,梅这个姓应该怎么取名字？,167 , 184204,涩的黄柠檬,117671321851555,https://bbs.hupu.com/52908313.html,梅这个姓应该怎么取名字？,2022-04-06 16:41:40
52918902,jr的理想型？,18 , 76533,inst基地,142911863363219,https://bbs.hupu.com/52918902.html,jr的理想型？,2022-04-07 09:38:21
52925097,小老鼠拿虫子当朋友，亲个没完，好可爱！,27 , 73918,你就是妲己吧,147563694979473,https://bbs.hupu.com/52925097.html,小老鼠拿虫子当朋友，亲个没完，好可爱！,2022-04-07 15:23:58
52904935,多名“成功学大师”落网，背后隐藏怎样传销骗局？,29 , 259357,喜欢萨摩耶的禅师菲尔杰克逊,148246624062599,https://bbs.hupu.com/52904935.html,多名“成功学大师”落网，背后隐藏怎样传销骗局？,2022-04-06 13:39:57
52922281,这个钢琴女主播整体几分？,15 , 72474,拉风丶小战,103592323579279,https://bbs.hupu.com/52922281.html,这个钢琴女主播整体几分？,2022-04-07 12:10:59
52882979,张艺兴到底出道多少年？原来他只认韩国那十年。即使被sm遣返过，依然爱韩国如初恋。,67 , 753527,虎不羁师兄,29382762771606,https://bbs.hupu.com/52882979.html,张艺兴到底出道多少年？原来他只认韩国那十年。即使被sm遣返过，依然爱韩国如初恋。,2022-04-05 06:25:43
52917667,中国画坛著名国画家2022年3月份人气指数前百名top100排行出炉,24 , 76861,王霏霏,119820284611167,https://bbs.hupu.com/52917667.html,中国画坛著名国画家2022年3月份人气指数前百名top100排行出炉,2022-04-07 08:36:34
52919463,男女餐厅结账打配合上演鬼手换钞，店主：损失没让店员赔,20 , 70821,巴拉巴拉香,17719645420033,https://bbs.hupu.com/52919463.html,男女餐厅结账打配合上演鬼手换钞，店主：损失没让店员赔,2022-04-07 10:05:43
52922243,如果你是三国时期的一方诸侯，以下阵容让你选一套夺取天下，你会怎么选？,57 , 70700,幂水基地,141672189967322,https://bbs.hupu.com/52922243.html,如果你是三国时期的一方诸侯，以下阵容让你选一套夺取天下，你会怎么选？,2022-04-07 12:08:57
52917651,魅力街拍：夏季中热裤的美女大街上到处都有，街头白皙美腿的场景让人感叹夏季的美,39 , 84679,九龙茶馆煲汤,278151919042714,https://bbs.hupu.com/52917651.html,魅力街拍：夏季中热裤的美女大街上到处都有，街头白皙美腿的场景让人感叹夏季的美,2022-04-07 08:35:40
52890965,女子买512G内存电脑到家发现是256G,17 , 91887,巴拉巴拉香,17719645420033,https://bbs.hupu.com/52890965.html,女子买512G内存电脑到家发现是256G,2022-04-05 19:30:32
52928223,想给孩子P上红领巾，在线急等，感谢！,14 , 70406,街头诗人Nick,196581179391420,https://bbs.hupu.com/52928223.html,想给孩子P上红领巾，在线急等，感谢！,2022-04-07 18:29:35
52893191,马化腾和腾讯的几位创始高管，那会儿，马化腾笑的真灿烂,6 , 88274,宏民,161973551644765,https://bbs.hupu.com/52893191.html,马化腾和腾讯的几位创始高管，那会儿，马化腾笑的真灿烂,2022-04-05 22:10:08
52890622,你认为男性最理想身高是多少？,292 , 583531,满仓华东医药20210823,230551572003455,https://bbs.hupu.com/52890622.html,你认为男性最理想身高是多少？,2022-04-05 19:02:52
52893491,对女生太好是否会丧失魅力？,41 , 286082,虎扑JR1588318873,64423782991737,https://bbs.hupu.com/52893491.html,对女生太好是否会丧失魅力？,2022-04-05 22:30:50
52928000,你会为了高薪工作，每天通勤一个半小时吗？（来回),84 , 72758,2022梅西世界杯,132756881015115,https://bbs.hupu.com/52928000.html,你会为了高薪工作，每天通勤一个半小时吗？（来回),2022-04-07 18:17:08
52920778,沈阳一越野车失控冲向路边人群，有3人被撞疑当场身亡,15 , 67178,巴拉巴拉香,17719645420033,https://bbs.hupu.com/52920778.html,沈阳一越野车失控冲向路边人群，有3人被撞疑当场身亡,2022-04-07 10:59:30
52908875,穿搭分享:运动风穿搭也能很可爱,6 , 89896,自信的眼睫毛,187713294419956,https://bbs.hupu.com/52908875.html,穿搭分享:运动风穿搭也能很可爱,2022-04-06 17:15:13
52931809,江湖救急兄弟们。,11 , 66401,肘不开的机舱门,206084879065141,https://bbs.hupu.com/52931809.html,江湖救急兄弟们。,2022-04-07 21:39:05
52897317,这个场景我幻想过无数次,14 , 208485,Phenix_01,226232156769306,https://bbs.hupu.com/52897317.html,这个场景我幻想过无数次,2022-04-06 09:00:18
52923624,这样的飞来横祸怎么躲？,12 , 64546,我说莱兹你说够,195308106393638,https://bbs.hupu.com/52923624.html,这样的飞来横祸怎么躲？,2022-04-07 13:42:02
52919056,二本计算机的未来在哪里？？,56 , 65545,未来有希望吗,216605069023908,https://bbs.hupu.com/52919056.html,二本计算机的未来在哪里？？,2022-04-07 09:44:12
52908803,色色卡发动色色技能,36 , 124155,幼痞,167346837530364,https://bbs.hupu.com/52908803.html,色色卡发动色色技能,2022-04-06 17:10:20
52909315,这会是大家的理想女友球衣穿搭吗？,18 , 123368,天天加班的小学,167961365378351,https://bbs.hupu.com/52909315.html,这会是大家的理想女友球衣穿搭吗？,2022-04-06 17:42:13
52934341,国家队总教练演唱《烟花易冷》，什么水平？,33 , 77509,步行街1号男神,137161756292288,https://bbs.hupu.com/52934341.html,国家队总教练演唱《烟花易冷》，什么水平？,2022-04-07 23:48:03
52893217,司马迁，王维，苏轼和吕思勉对卫青的评价都不怎么好,129 , 222218,兔友真的讨厌,197837573058150,https://bbs.hupu.com/52893217.html,司马迁，王维，苏轼和吕思勉对卫青的评价都不怎么好,2022-04-05 22:11:41
52897776,有什么是你追了很多女生都失败后才知道的？,185 , 620523,怂神,5090587616704,https://bbs.hupu.com/52897776.html,有什么是你追了很多女生都失败后才知道的？,2022-04-06 09:21:56
52924093,在广州塔隔壁上班是怎样的体验？,38 , 61444,天音波在滑行的过程中,28454007819348,https://bbs.hupu.com/52924093.html,在广州塔隔壁上班是怎样的体验？,2022-04-07 14:15:36
52921773,女友父母要求女友必须找体制内,24 , 60960,我撤了你们上,233165567252546,https://bbs.hupu.com/52921773.html,,
52918926,现在乐事桶装薯片感觉就离谱,32 , 67305,巴萨不拿欧冠我不改名,255665372339174,https://bbs.hupu.com/52918926.html,现在乐事桶装薯片感觉就离谱,2022-04-07 09:39:05
52888553,亿万富翁唱歌名场面，大佬们真的是多财多亿啊,62 , 138780,秋名山基地,135751300599426,https://bbs.hupu.com/52888553.html,亿万富翁唱歌名场面，大佬们真的是多财多亿啊,2022-04-05 15:44:16
52885797,舞蹈生来喽,87 , 697394,化学仪器基地,196017919695626,https://bbs.hupu.com/52885797.html,舞蹈生来喽,2022-04-05 11:37:29
52895076,坐标广州，毕业两年想问问同龄人的收入,52 , 181790,等等小等等,226773908010790,https://bbs.hupu.com/52895076.html,坐标广州，毕业两年想问问同龄人的收入,2022-04-06 01:27:10
52920133,男子酒后叫代驾结果代驾是酒驾,8 , 62173,巴拉巴拉香,17719645420033,https://bbs.hupu.com/52920133.html,男子酒后叫代驾结果代驾是酒驾,2022-04-07 10:30:46
52885856,有一个舞蹈生女朋友是什么体验,60 , 743356,化学仪器基地,196017919695626,https://bbs.hupu.com/52885856.html,有一个舞蹈生女朋友是什么体验,2022-04-05 11:42:14
52918099,今日份拍照：让人很有幸福感的女友，甜美笑容让人更疼爱,10 , 60657,九龙茶馆煲汤,278151919042714,https://bbs.hupu.com/52918099.html,今日份拍照：让人很有幸福感的女友，甜美笑容让人更疼爱,2022-04-07 08:56:39
52893323,本来特别喜欢百事可乐，以后还是喝可口吧,248 , 963027,唐憎别念了,100993315882984,https://bbs.hupu.com/52893323.html,本来特别喜欢百事可乐，以后还是喝可口吧,2022-04-05 22:18:20
52930647,同伴只剩一张了，我该怎么送？,13 , 58062,虎扑JR0328519581,9102897133074,https://bbs.hupu.com/52930647.html,同伴只剩一张了，我该怎么送？,2022-04-07 20:40:52
52912701,欧洲用不了俄罗斯的天然气，为什么不从中东多进点石油烧石油呢？,42 , 87339,虎扑JR208940263,195838135070269,https://bbs.hupu.com/52912701.html,欧洲用不了俄罗斯的天然气，为什么不从中东多进点石油烧石油呢？,2022-04-06 21:35:14
52916595,红星大头仔,3 , 58269,正能量临时工,27521488352334,https://bbs.hupu.com/52916595.html,红星大头仔,2022-04-07 05:54:33
52900889,什么蛇，用告诉全村晚上来吃饭吗？,44 , 344569,电竞瑶神,165257843982691,https://bbs.hupu.com/52900889.html,什么蛇，用告诉全村晚上来吃饭吗？,2022-04-06 11:20:19
52911625,战斗民族带娃，俄罗斯妈妈说：高兴就行！,17 , 114266,九龙茶馆煲汤,278151919042714,https://bbs.hupu.com/52911625.html,战斗民族带娃，俄罗斯妈妈说：高兴就行！,2022-04-06 20:21:23
52909937,大家对于孩子一个跟父姓，一个跟母姓有什么看法,29 , 64286,虎扑JR1519967268,71525391842047,https://bbs.hupu.com/52909937.html,大家对于孩子一个跟父姓，一个跟母姓有什么看法,2022-04-06 18:22:33
52931613,太强就要被打压？,8 , 56322,yydsjp,137804085690151,https://bbs.hupu.com/52931613.html,太强就要被打压？,2022-04-07 21:27:33
52935339,女友的这波詹姆斯怎么样？,27 , 60665,76人勇士总决赛,190379103528856,https://bbs.hupu.com/52935339.html,女友的这波詹姆斯怎么样？,2022-04-08 02:38:08
52906210,谁能拒绝一个学舞蹈的女孩子呢,37 , 303144,洛地生根,10352737480019,https://bbs.hupu.com/52906210.html,谁能拒绝一个学舞蹈的女孩子呢,2022-04-06 14:45:07
52920273,男子购房14年被原房主赶出住楼道,22 , 55254,巴拉巴拉香,17719645420033,https://bbs.hupu.com/52920273.html,男子购房14年被原房主赶出住楼道,2022-04-07 10:37:10
52926559,双非上岸北师大，和大家分享喜悦,42 , 55469,李佩嬬,13367892214650,https://bbs.hupu.com/52926559.html,双非上岸北师大，和大家分享喜悦,2022-04-07 16:53:30
52907091,这两年临床医学毕业生爽翻了,38 , 105792,白衣卿相同才子佳人,111179171609597,https://bbs.hupu.com/52907091.html,这两年临床医学毕业生爽翻了,2022-04-06 15:31:26
52910012,女朋友是双胞胎车模是一种什么体验,28 , 138018,化学仪器基地,196017919695626,https://bbs.hupu.com/52910012.html,女朋友是双胞胎车模是一种什么体验,2022-04-06 18:27:34
52897711,纪灵打不过关羽，就高挂免战牌让副将去送死，这行为是不是挺不要脸的？,256 , 612662,于谦儿大爷的真爱粉,223935107397641,https://bbs.hupu.com/52897711.html,纪灵打不过关羽，就高挂免战牌让副将去送死，这行为是不是挺不要脸的？,2022-04-06 09:19:23
52883387,109岁的泰国高僧luang pho yai,73 , 680617,丑鬼lee,78013940507758,https://bbs.hupu.com/52883387.html,109岁的泰国高僧luang pho yai,2022-04-05 08:12:01
52885673,异地两个月 疫情太折磨人了 ,87 , 278656,百年树袋熊i,18138224174887,https://bbs.hupu.com/52885673.html,异地两个月 疫情太折磨人了,2022-04-05 11:29:57
52926365,这黑人搁这玩口技呢,7 , 55756,华丽的掉渣,120509855288570,https://bbs.hupu.com/52926365.html,这黑人搁这玩口技呢,2022-04-07 16:41:49
52890358,陈丹青名句,200 , 739889,我在雨中等妳,42186150251027,https://bbs.hupu.com/52890358.html,陈丹青名句,2022-04-05 18:36:23
52894137,左边的好看还是右边的好看？,292 , 1293724,兄弟们别舔了,37561701283869,https://bbs.hupu.com/52894137.html,左边的好看还是右边的好看？,2022-04-05 23:22:48
52929432,xdm为什么我没有女朋友我长得很丑吗求jrs指点,19 , 54379,知名雷米城迷,45848201133511,https://bbs.hupu.com/52929432.html,xdm为什么我没有女朋友我长得很丑吗求jrs指点,2022-04-07 19:42:09
52919829,真他妈搞笑 男人就是又穷又搓 女的就是优美大气,18 , 53236,黎歌i,119618465434127,https://bbs.hupu.com/52919829.html,真他妈搞笑 男人就是又穷又搓 女的就是优美大气,2022-04-07 10:17:22
52912586,骗了家里12w，我这种人是不是该死,40 , 94586,pygfvnjdsfj,164816076409666,https://bbs.hupu.com/52912586.html,骗了家里12w，我这种人是不是该死,2022-04-06 21:25:35
52890951,考研和男篮校队如何选择哥哥们,213 , 456240,YhcEveryday99,197946175633687,https://bbs.hupu.com/52890951.html,考研和男篮校队如何选择哥哥们,2022-04-05 19:29:01
52929916,《孤皇者》“他都三十七岁了 你们还想怎么样”,12 , 55561,约瑟翰辣嘴鸭,96924089962172,https://bbs.hupu.com/52929916.html,《孤皇者》“他都三十七岁了 你们还想怎么样”,2022-04-07 20:08:03
52907205,我这一波跪舔什么水平？,36 , 190512,凯宾斯基sk,258918886822219,https://bbs.hupu.com/52907205.html,我这一波跪舔什么水平？,2022-04-06 15:37:42
52907474,月收入1万到底是什么水平？已超过99%的人,40 , 109033,唐哲2018,196753643062511,https://bbs.hupu.com/52907474.html,月收入1万到底是什么水平？已超过99%的人,2022-04-06 15:52:58
52919520,女朋友为什么总喜欢穿五颜六色的丝袜,41 , 52199,各种丝袜基地,133257680756178,https://bbs.hupu.com/52919520.html,女朋友为什么总喜欢穿五颜六色的丝袜,2022-04-07 10:07:12
52924392,这种饭局我需要偷偷买单吗,36 , 51819,坑妈卖队友,97123462110271,https://bbs.hupu.com/52924392.html,,
52883435,年薪100万去守一座灯塔，工作轻松还能钓鱼，你愿意吗？,379 , 1102740,骑个拉风的昵称,24240001037516,https://bbs.hupu.com/52883435.html,年薪100万去守一座灯塔，工作轻松还能钓鱼，你愿意吗？,2022-04-05 08:19:11
52916659,有一个80后戴眼镜像90后的姐姐是什么体验,18 , 57140,化学仪器基地,196017919695626,https://bbs.hupu.com/52916659.html,有一个80后戴眼镜像90后的姐姐是什么体验,2022-04-07 06:16:11
52935753,上海女冒充空姐诈骗被民警审讯！现场懵了，奢侈品豪车堆满三房,18 , 63119,喜欢萨摩耶的禅师菲尔杰克逊,148246624062599,https://bbs.hupu.com/52935753.html,上海女冒充空姐诈骗被民警审讯！现场懵了，奢侈品豪车堆满三房,2022-04-08 05:16:54
52934904,踏入社会后…生活发生了剧变！,16 , 54631,Straw1998,41223436703250,https://bbs.hupu.com/52934904.html,踏入社会后…生活发生了剧变！,2022-04-08 00:47:23
52909742,这样的舞蹈生做你女朋友你愿意吗？,18 , 148197,江南第一美男子,189240742906958,https://bbs.hupu.com/52909742.html,这样的舞蹈生做你女朋友你愿意吗？,2022-04-06 18:10:55
52908149,家人们，上海隔离怎么能买到烟,79 , 115274,虎扑JR0018522701,253064870019456,https://bbs.hupu.com/52908149.html,家人们，上海隔离怎么能买到烟,2022-04-06 16:31:36
52915738,''如花''：周星驰在学生时期非常能打！一个打三个,13 , 90265,戴眼镜人士,170722399872363,https://bbs.hupu.com/52915738.html,''如花''：周星驰在学生时期非常能打！一个打三个,2022-04-07 02:40:44
52931543,爱就一个字 ＃尤克里里＃弹唱,24 , 49393,巴特勒真大腿,179435924767238,https://bbs.hupu.com/52931543.html,爱就一个字 ＃尤克里里＃弹唱,2022-04-07 21:24:35
52936077,健康长寿幸福食谱：凉拌豆干丝,3 , 50625,孝顺父母知恩报恩,87178295644586,https://bbs.hupu.com/52936077.html,健康长寿幸福食谱：凉拌豆干丝,2022-04-08 07:23:12
52929629,周杰伦的体毛这么重么？,13 , 53859,KG---MVP,245293766860298,https://bbs.hupu.com/52929629.html,周杰伦的体毛这么重么？,2022-04-07 19:53:11
52926186,古代没有厕纸的话痔疮发病率得多高,17 , 50799,阳澄湖波霸,42460931292352,https://bbs.hupu.com/52926186.html,古代没有厕纸的话痔疮发病率得多高,2022-04-07 16:30:13
52893529,以为都过去了，一到清明，还是破防了…,54 , 206895,小笑叔,183613846604937,https://bbs.hupu.com/52893529.html,以为都过去了，一到清明，还是破防了…,2022-04-05 22:33:39
52924557,家人们，不把你们当外人吧，女朋友这黑丝什么水平,24 , 50317,大赚陈zh,28123063401073,https://bbs.hupu.com/52924557.html,家人们，不把你们当外人吧，女朋友这黑丝什么水平,2022-04-07 14:48:09
52923500,上岸了呜呜，谢谢家人们,22 , 48860,清风渡SC,115537831655736,https://bbs.hupu.com/52923500.html,上岸了呜呜，谢谢家人们,2022-04-07 13:33:51
52929818,丽水公积金贷款最高70万，首套房首付比例降为20%,31 , 49280,场均五垫脚,11808954236758,https://bbs.hupu.com/52929818.html,丽水公积金贷款最高70万，首套房首付比例降为20%,2022-04-07 20:03:21
52882144,这小演员颜值什么水平？,38 , 174008,40885,9535630624525,https://bbs.hupu.com/52882144.html,这小演员颜值什么水平？,2022-04-05 01:33:41
52885110,真的被无脑的野球帝粉丝搞心态了,85 , 233212,威少爱白菜,16404964724852,https://bbs.hupu.com/52885110.html,真的被无脑的野球帝粉丝搞心态了,2022-04-05 10:43:36
52935853,大家有过从下午开始太阳穴头疼的经历么,30 , 52341,宇宙第一拉风得分手,13592585213514,https://bbs.hupu.com/52935853.html,大家有过从下午开始太阳穴头疼的经历么,2022-04-08 06:08:56
52893710,如何评价“鹿晨辉”来我们学校当学弟一事？,134 , 464016,雲治233,38825197013933,https://bbs.hupu.com/52893710.html,如何评价“鹿晨辉”来我们学校当学弟一事？,2022-04-05 22:47:42
52910242,为啥女人不是很喜欢钓鱼？？？,15 , 98276,哇塞集合地,199813114625362,https://bbs.hupu.com/52910242.html,为啥女人不是很喜欢钓鱼？？？,2022-04-06 18:43:07
52885198,韩国大学食堂22元标准午餐，西红柿还限量吃太差了,545 , 982682,12Will,200843647060273,https://bbs.hupu.com/52885198.html,韩国大学食堂22元标准午餐，西红柿还限量吃太差了,2022-04-05 10:50:16
52929049,刘强东卸任京东集团CEO，总裁徐雷接任,8 , 49538,曽君,135332574124068,https://bbs.hupu.com/52929049.html,刘强东卸任京东集团CEO，总裁徐雷接任,2022-04-07 19:25:02
52922402,哆啦A梦作者去世了,10 , 47312,小华Live,145999685332683,https://bbs.hupu.com/52922402.html,哆啦A梦作者去世了,2022-04-07 12:19:01
52934024,兄弟们，问一下这是情侣头像嘛,10 , 48717,夜空中最亮的钧,233575269495428,https://bbs.hupu.com/52934024.html,兄弟们，问一下这是情侣头像嘛,2022-04-07 23:27:28
52894177,星爷原声演唱《李香兰（秋意浓）》磁性嗓音唱尽了世间酸甜苦辣,95 , 547970,克塞基地,268481056205317,https://bbs.hupu.com/52894177.html,星爷原声演唱《李香兰（秋意浓）》磁性嗓音唱尽了世间酸甜苦辣,2022-04-05 23:25:48
52920080,刘强东退休，商业大佬们都是怎么隐退江湖的？,11 , 46507,大力招财,63941143246784,https://bbs.hupu.com/52920080.html,刘强东退休，商业大佬们都是怎么隐退江湖的？,2022-04-07 10:28:17
52884475,土耳其这家盖饭什么水平,190 , 770740,GHayward,143789756978405,https://bbs.hupu.com/52884475.html,土耳其这家盖饭什么水平,2022-04-05 09:52:41
52925668,上岸了，改行了改行了,17 , 48481,lzyccy,95177211407770,https://bbs.hupu.com/52925668.html,上岸了，改行了改行了,2022-04-07 16:00:48
52935467,爷爷让我去贷款帮他还债，现在不知道怎么办,24 , 54715,虎扑JR1231567581,69997439524683,https://bbs.hupu.com/52935467.html,爷爷让我去贷款帮他还债，现在不知道怎么办,2022-04-08 03:25:06
52902175,直接给我干断了，谁能想到在高速上还能这样。。。,143 , 526675,fad13,16646214206812,https://bbs.hupu.com/52902175.html,直接给我干断了，谁能想到在高速上还能这样。。。,2022-04-06 12:10:30
52914346,《远方》,10 , 48851,带壳刺猬,30621371266070,https://bbs.hupu.com/52914346.html,《远方》,2022-04-06 23:14:07
52932812,自救文章被拒，很大几率无缘已申上的华五博士，心中真的意难平……,20 , 47223,虎扑JR0777659987,87433763784098,https://bbs.hupu.com/52932812.html,自救文章被拒，很大几率无缘已申上的华五博士，心中真的意难平……,2022-04-07 22:19:46
52889298,男子为招待好友枪猎野生动物被抓,17 , 68881,土豆不如茄子,13953036162543,https://bbs.hupu.com/52889298.html,男子为招待好友枪猎野生动物被抓,2022-04-05 16:54:15
52923630,最近总梦见小学同学 昨天加了微信  该怎么办,22 , 45008,Bjxx,267782841790230,https://bbs.hupu.com/52923630.html,,
52925029,女儿告状说的话，爸爸心里美美的#家庭搞笑#沙雕,9 , 49042,玲妹妹gg,31999221589366,https://bbs.hupu.com/52925029.html,女儿告状说的话，爸爸心里美美的#家庭搞笑#沙雕,2022-04-07 15:20:27
52919585,广州一百万精装房竟成水帘洞，住建局：正督促整改,17 , 45160,巴拉巴拉香,17719645420033,https://bbs.hupu.com/52919585.html,广州一百万精装房竟成水帘洞，住建局：正督促整改,2022-04-07 10:09:21
52926958,为什么大部分女生都不愿意找程序员当男朋友,21 , 45324,虎扑Jr80082080,13946686801310,https://bbs.hupu.com/52926958.html,为什么大部分女生都不愿意找程序员当男朋友,2022-04-07 17:14:09
52889398,有人拿这个清华数学系正教授和韦东奕比,35 , 305559,被诸葛亮夸过的奇才,96396112707314,https://bbs.hupu.com/52889398.html,有人拿这个清华数学系正教授和韦东奕比,2022-04-05 17:03:48
52937327,替朋友问:她这柔韧度练舞蹈有没有问题,13 , 68590,化学仪器基地,196017919695626,https://bbs.hupu.com/52937327.html,替朋友问:她这柔韧度练舞蹈有没有问题,2022-04-08 09:12:42
52920380,向朋友讨债，结果没两句话，就把我拉黑了,19 , 44932,11122222a,190635010625044,https://bbs.hupu.com/52920380.html,向朋友讨债，结果没两句话，就把我拉黑了,2022-04-07 10:41:55
52900180,我是一名狱警，我们已经封闭执勤两年多了,732 , 920853,亚洲健美巨兽,26444450243232,https://bbs.hupu.com/52900180.html,我是一名狱警，我们已经封闭执勤两年多了,2022-04-06 10:51:27
52917352,兄弟们，二战上岸华政了,22 , 51758,EdisonZo0k,134066371396725,https://bbs.hupu.com/52917352.html,兄弟们，二战上岸华政了,2022-04-07 08:16:18
52925174,【一句话证明你会打篮球】,52 , 45052,丨LukaDoncic丨,200186021443966,https://bbs.hupu.com/52925174.html,【一句话证明你会打篮球】,2022-04-07 15:28:31
52928851,男子报警称妻子家暴，民警调解又被打伤,14 , 46569,爱读圣经的老虎,17442402020812,https://bbs.hupu.com/52928851.html,男子报警称妻子家暴，民警调解又被打伤,2022-04-07 19:11:12
52905452,为什么说相声的女生特别少,26 , 109160,化学仪器基地,196017919695626,https://bbs.hupu.com/52905452.html,为什么说相声的女生特别少,2022-04-06 14:02:26
52924697,进了一个群，XDM应该叫什么好,20 , 44292,graywyu,252265429304773,https://bbs.hupu.com/52924697.html,进了一个群，XDM应该叫什么好,2022-04-07 14:58:15
52930101,兄弟们毕业以后工作的工资都是怎么样的呢？,25 , 49316,地多平我躺的就多平,47485627543854,https://bbs.hupu.com/52930101.html,兄弟们毕业以后工作的工资都是怎么样的呢？,2022-04-07 20:17:25
52885654,自律的体现是什么,12 , 91573,化学仪器基地,196017919695626,https://bbs.hupu.com/52885654.html,自律的体现是什么,2022-04-05 11:28:33
52922524,兄弟们，肠胃镜检查了,23 , 43032,季莫不寂寞,30462181132769,https://bbs.hupu.com/52922524.html,兄弟们，肠胃镜检查了,2022-04-07 12:27:15
52883551,这种短发可爱的女生应该很多人喜欢吧,54 , 444945,哇塞集合地,199813114625362,https://bbs.hupu.com/52883551.html,这种短发可爱的女生应该很多人喜欢吧,2022-04-05 08:34:03
52893620,睡不着 随便发个吧 ,25 , 102083,一枚喵a,67809847204569,https://bbs.hupu.com/52893620.html,睡不着 随便发个吧,2022-04-05 22:40:11
52920349,飞来横祸！女子骑车被风筝线勒出10厘米伤口,16 , 42110,巴拉巴拉香,17719645420033,https://bbs.hupu.com/52920349.html,飞来横祸！女子骑车被风筝线勒出10厘米伤口,2022-04-07 10:40:21
52932742,国足这几下子有点东西啊,8 , 44057,正能量基地,222410200744851,https://bbs.hupu.com/52932742.html,国足这几下子有点东西啊,2022-04-07 22:16:18
52917152,公务员，研究生，王者印记都考上了，接下来准备考CPA，请问要怎么准备,11 , 52058,a我是佛前一朵青莲,27472512445305,https://bbs.hupu.com/52917152.html,公务员，研究生，王者印记都考上了，接下来准备考CPA，请问要怎么准备,2022-04-07 07:56:53
52905629,与时俱进的冥府防疫套装，现在地下也疫情严重吗？,21 , 164728,虎扑JR1857538537,70863571540739,https://bbs.hupu.com/52905629.html,与时俱进的冥府防疫套装，现在地下也疫情严重吗？,2022-04-06 14:12:01
52892821,这么严重的口吃和别人吵架怎么办,102 , 565036,奇才超巨库兹马,153725418526100,https://bbs.hupu.com/52892821.html,这么严重的口吃和别人吵架怎么办,2022-04-05 21:47:32
52904911,【科普分享】生姜洗发水真可以防脱生发吗？,66 , 299597,毛发医生李丙双,210306107449555,https://bbs.hupu.com/52904911.html,【科普分享】生姜洗发水真可以防脱生发吗？,2022-04-06 13:38:49
52891411,因为一件衣服和媳妇吵架了，JRS们进来分享下你们的审美,82 , 276843,你的191男神,162302781296453,https://bbs.hupu.com/52891411.html,因为一件衣服和媳妇吵架了，JRS们进来分享下你们的审美,2022-04-05 20:07:24
52934897,女朋友觉得自己腿有8分，各位jr觉得呢,49 , 40637,纳什和德克,10593542161670,https://bbs.hupu.com/52934897.html,,
52897223,无情粉碎机，粉碎万物,33 , 224810,Phenix_01,226232156769306,https://bbs.hupu.com/52897223.html,无情粉碎机，粉碎万物,2022-04-06 08:54:04
52936566,原来有那么多手机品牌已经凉凉了？,48 , 47044,大侠在吃大虾,4436826531873,https://bbs.hupu.com/52936566.html,原来有那么多手机品牌已经凉凉了？,2022-04-08 08:22:15
52930725,来聊 为什么爸妈身高都没有1.65 我却长到了1.8？,54 , 49122,活在传说中的刀1,65210637399859,https://bbs.hupu.com/52930725.html,来聊 为什么爸妈身高都没有1.65 我却长到了1.8？,2022-04-07 20:44:16
52925480,这简直就是死神来了……就离大谱！,19 , 40737,吸血鬼牌卫生,261210445313902,https://bbs.hupu.com/52925480.html,这简直就是死神来了……就离大谱！,2022-04-07 15:50:36
52930935,有钱朋友把剩饭打包，什么意思？,18 , 43379,虎扑JR2105070396,139202664873736,https://bbs.hupu.com/52930935.html,有钱朋友把剩饭打包，什么意思？,2022-04-07 20:55:58
52916603,东兴军师笑面虎,6 , 66458,正能量临时工,27521488352334,https://bbs.hupu.com/52916603.html,东兴军师笑面虎,2022-04-07 05:57:54
52907004, 有女朋友，但遇到更好的女孩该怎么办？,31 , 154085,噗里是一对,150248289326306,https://bbs.hupu.com/52907004.html,有女朋友，但遇到更好的女孩该怎么办？,2022-04-06 15:26:30
52927307,徐静雨谈杜兰特的大伤，这是什么水平,26 , 41988,虎扑JR1375977292,46058886345772,https://bbs.hupu.com/52927307.html,徐静雨谈杜兰特的大伤，这是什么水平,2022-04-07 17:33:25
52893925,有些人不被尊重，并不是因为肤色的问题,9 , 49491,纳什Steve,206521611773256,https://bbs.hupu.com/52893925.html,有些人不被尊重，并不是因为肤色的问题,2022-04-05 23:04:53
52921155,妈的一天到晚舞蹈生舞蹈生的，全都是滤镜得不像样子，给你看看真实的舞蹈生跳舞,9 , 39549,倪萍大战赵忠祥,91684544837153,https://bbs.hupu.com/52921155.html,妈的一天到晚舞蹈生舞蹈生的，全都是滤镜得不像样子，给你看看真实的舞蹈生跳舞,2022-04-07 11:17:13
52883180,车辆刹车失灵，撞入服务区加油站，拼命喊踩刹车踩刹车 ,216 , 808152,克塞基地,268481056205317,https://bbs.hupu.com/52883180.html,车辆刹车失灵，撞入服务区加油站，拼命喊踩刹车踩刹车,2022-04-05 07:40:35
52928323,雪王都雇童工了？？？？,5 , 41360,避风的甜子,32824450445706,https://bbs.hupu.com/52928323.html,雪王都雇童工了？？？？,2022-04-07 18:35:40
52919758,你们平时喝的都是多少度的白酒呢,18 , 39821,酱酒传承人罗,238499589529244,https://bbs.hupu.com/52919758.html,你们平时喝的都是多少度的白酒呢,2022-04-07 10:14:31
52901101,坐标江苏常州，运气不错中了一瓶虎年茅台，有回收的吗？多少钱呢？,21 , 120655,虎扑第二丑,17237178283440,https://bbs.hupu.com/52901101.html,坐标江苏常州，运气不错中了一瓶虎年茅台，有回收的吗？多少钱呢？,2022-04-06 11:27:08
52881783,这是不是周杰伦想象中自己打球的样子,70 , 352547,Eason_Miranda,178125970877430,https://bbs.hupu.com/52881783.html,这是不是周杰伦想象中自己打球的样子,2022-04-05 00:33:16
52908964,我姐这智商这辈子是不是都嫁不出去了,19 , 76780,化学仪器基地,196017919695626,https://bbs.hupu.com/52908964.html,我姐这智商这辈子是不是都嫁不出去了,2022-04-06 17:21:02
52909349,男子送孕妇与医院途中，与保时捷车主发生摩擦，并威胁。,26 , 46574,hupu543664959,12428730385198,https://bbs.hupu.com/52909349.html,男子送孕妇与医院途中，与保时捷车主发生摩擦，并威胁。,2022-04-06 17:44:15
52930402,你们在深圳月工资是多少啊？在老家要穷死了，这工作可去吗？,17 , 40017,透明吊丝,59919419992937,https://bbs.hupu.com/52930402.html,你们在深圳月工资是多少啊？在老家要穷死了，这工作可去吗？,2022-04-07 20:29:54
52888768,一个高中3000人，在里面开奶茶店可行吗?,95 , 230348,格口隹,254411685456009,https://bbs.hupu.com/52888768.html,一个高中3000人，在里面开奶茶店可行吗?,2022-04-05 16:03:45
52920796,挑战jrs碰到过的最小蜘蛛,15 , 38848,哥丿独自泡在虎扑,206417022513688,https://bbs.hupu.com/52920796.html,挑战jrs碰到过的最小蜘蛛,2022-04-07 11:00:25
52931167,京东买的东西一个月收不到货 退也退不了,14 , 42046,早已断裂,102881687055256,https://bbs.hupu.com/52931167.html,京东买的东西一个月收不到货 退也退不了,2022-04-07 21:06:40
52900775,在二线城市，收入多少才够开销？,63 , 108913,travisg,22093257850793,https://bbs.hupu.com/52900775.html,在二线城市，收入多少才够开销？,2022-04-06 11:16:38
52918083,袁洁莹，这拽拽的小眼神,16 , 47474,登哥的眼神,67275186533290,https://bbs.hupu.com/52918083.html,袁洁莹，这拽拽的小眼神,2022-04-07 08:55:35
52899710,钢琴家郎朗的表情是有意为之 还是真情流露？,77 , 367965,马可乐菠萝,168622187552668,https://bbs.hupu.com/52899710.html,钢琴家郎朗的表情是有意为之 还是真情流露？,2022-04-06 10:34:28
52919900,印度街头小吃|现做番茄酱~,12 , 38875,JoJo基地,161537173873601,https://bbs.hupu.com/52919900.html,印度街头小吃|现做番茄酱~,2022-04-07 10:20:17
52907242,我和女朋友是广州公务员，双方父母分别在无锡和武汉，请问第一套房买在哪里合适？,73 , 126000,去敲幸福的门,152533567167305,https://bbs.hupu.com/52907242.html,我和女朋友是广州公务员，双方父母分别在无锡和武汉，请问第一套房买在哪里合适？,2022-04-06 15:39:55
52913013,男子当街拦下大货车讨钱，货车司机称给20元对方嫌少继续用头撞击车门。,21 , 45249,你行你也送,203499146506454,https://bbs.hupu.com/52913013.html,男子当街拦下大货车讨钱，货车司机称给20元对方嫌少继续用头撞击车门。,2022-04-06 21:50:28
52908342,我想问一下有多少男生小时候经常梦想着开挖掘机的,29 , 177975,戴眼镜人士,170722399872363,https://bbs.hupu.com/52908342.html,我想问一下有多少男生小时候经常梦想着开挖掘机的,2022-04-06 16:43:14
52904166,鲸鱼今天直播湖人跟太阳比赛，差点把饭喷出来，太搞笑了。,24 , 79331,库里打dota,177892861335693,https://bbs.hupu.com/52904166.html,鲸鱼今天直播湖人跟太阳比赛，差点把饭喷出来，太搞笑了。,2022-04-06 13:12:12
52931100,南韩，裴秀智和智妍，谁更有统治力！！！都是老婆,11 , 38298,ZH_Oct1,131424757534991,https://bbs.hupu.com/52931100.html,南韩，裴秀智和智妍，谁更有统治力！！！都是老婆,2022-04-07 21:03:15
52918233,火车票预售期临时调整为5天,3 , 39655,猛男累了,263713285164753,https://bbs.hupu.com/52918233.html,火车票预售期临时调整为5天,2022-04-07 09:02:39
52911222,不是体育摄影可以在这里发嘛？,10 , 44684,汪汪是世界上最可爱的猫猫,144574737979498,https://bbs.hupu.com/52911222.html,不是体育摄影可以在这里发嘛？,2022-04-06 19:52:20
52924312,谢霆锋谈首次担任动作指导：得把香港动作片拼回来,15 , 39482,唐哲2018,196753643062511,https://bbs.hupu.com/52924312.html,谢霆锋谈首次担任动作指导：得把香港动作片拼回来,2022-04-07 14:31:10
52916634,东兴金毛虎,9 , 63840,正能量临时工,27521488352334,https://bbs.hupu.com/52916634.html,东兴金毛虎,2022-04-07 06:08:42
52920439,有哪些话一听就感觉回到了学生时代？,28 , 36901,我也不想努力了,245602218183327,https://bbs.hupu.com/52920439.html,有哪些话一听就感觉回到了学生时代？,2022-04-07 10:45:00
